id,url,title,content,push_content,region,type,source,ctype,date,time,author,discussion_count,share_count,comment_count,like_count,dislike_count,positive_pushs,neutual_pushs,negative_pushs,sentiment,crawled_at,hit_rate
365e5d74-5c16-5ff2-a9de-eb8d751e24c9,https://www.dcard.tw/f/3c/p/253123379,賣二手筆電,小弟想請問這台筆電的殘值剩下多少，當初購買32000，因為很少用，想出售，謝謝,,台灣,論壇,DCARD,3C,2023/8/31,12:28:02,國立臺灣師範大學,,0,0,0,0,0,0,0,,,
1629f7d8-5509-5539-811c-cd34845a8afb,https://www.dcard.tw/f/3c/p/253121566,#請益 MacBook或是ASUS,剛剛我似乎快送走了第一台筆電vivobook…，前年9月的時候購入的，這不到兩年間…喝了一次水，但看起來沒有怎麼樣（快一年前的事…），到剛剛我不曉得刪到了什麼東西，整個用起來變得很慢很慢…，連把桌面上,,台灣,論壇,DCARD,3C,2023/8/31,4:43:49,兔子先生🐰,,0,2,0,0,0,0,0,負向,,
be26dab9-ba2b-53fa-adb9-8e9b869b83a3,https://www.dcard.tw/f/3c/p/253121451,#請益 筆電選擇,之前高中的時候買了一台電競筆電，上了大學發現實在是不適合攜帶，故想購入一台輕薄的文書筆電，需求：帶出門、上課寫程式（C、Java、C#），（如果有跑專案的需求，帶回家用電競筆電還是可以跑得動），希望：,,台灣,論壇,DCARD,3C,2023/8/31,3:53:54,國立中正大學,,0,0,0,0,0,0,0,,,
04691fa3-e769-5124-8947-4e03cf463bca,https://www.dcard.tw/f/3c/p/253120474,#請益 筆電推薦（有選手）,大家好～～～距離上一次購入筆電已經是快十年前，最近在觀望想要趁開學季應該有蠻多折扣購入新筆電！，需求是：1.文書處理快（PPT、Word、Excel、Canva），2.偶爾可能追劇，3.續航力高，4.,,台灣,論壇,DCARD,3C,2023/8/31,0:37:48,佐拉𖤐,,0,1,0,0,0,0,0,中立,,
7eb29175-8cec-5099-8c64-0413ab8643c1,https://www.dcard.tw/f/3c/p/253119858,學習前端web+後端資料庫Mac/windows? 8/16 ram?,如題，想問問各位前後端大大該用Mac還是surface呢，想要一個能輕便攜帶的筆電，不然目前的電競筆電很大台而且很快就沒電了🥲，另外想問一下RAM買Mac的話要擴16gb嗎，因為記憶體客製化在燦坤之類,,台灣,論壇,DCARD,3C,2023/8/30,23:40:26,學生,,0,0,0,0,0,0,0,中立,,
dfb942ca-1540-50ea-9a44-c456ba0a0440,https://www.dcard.tw/f/3c/p/253119505,Dell Mobile Connect 停止服務,在官網上看到Dell Mobile Connect已無法下載並終止服務，那麼如果使用Dell筆電，手機拿的是iPhone，要如何可在電腦上操作手機的功能如通話、簡訊、照片影片傳輸，求解🆘，先謝謝,,台灣,論壇,DCARD,3C,2023/8/30,23:08:00,逢甲大學,,0,1,0,0,0,0,0,中立,,
a49f000d-1751-5ebf-90be-090ee898a78a,https://www.dcard.tw/f/3c/p/253119396,#請益 Acer筆電選擇,目前看了三款，1.swift go（SFG14-71），價格：37900，2.swift3 （SF314-512），價格：34900，pire5（a514-56m-55h0），價格：28900，以上價,,台灣,論壇,DCARD,3C,2023/8/30,22:58:08,國立陽明交通大學,,0,4,0,0,0,0,0,中立,,
7821a8bb-814c-5c78-a515-22ebba894b01,https://www.dcard.tw/f/3c/p/253119161,#請益 這個規格的筆電 可以售多少,最近想更換筆電 想請益這個規格的筆電可以售多少～,,台灣,論壇,DCARD,3C,2023/8/30,22:38:06,古靈精怪,,0,0,0,0,0,0,0,中立,,
77f8ed96-5267-5fae-a252-c9e4d7763a9a,https://www.dcard.tw/f/3c/p/253118931,平板筆電選擇,在功能上有幾點期望，1）希望可以使用windows 的遠端連線搭配pulse secure連回公司電腦，2）便於攜帶及即時操控，3） 寫code（非專案大型code），在看的有，1） lenovo y,,台灣,論壇,DCARD,3C,2023/8/30,22:19:32,Chill,,0,0,0,0,0,0,0,正向,,
fbc8360b-44c6-534e-b72e-52e1d05f5347,https://www.dcard.tw/f/3c/p/253116683,4萬$效能競電筆電選擇,如題 最近在觀望競電筆電，主要需求為追劇及玩一些2D線上，希望色彩表現不要太差 遊戲體感畫面順順的就好，目前有從四個廠牌各選出一台想要入手的，想請問各位3C達人的建議，US Strix G15，台灣筆,,台灣,論壇,DCARD,3C,2023/8/30,18:31:25,正修科技大學,,0,0,0,0,0,0,0,中立,,
59687a1f-3e54-5c11-b0a1-2cc397858916,https://www.dcard.tw/f/3c/p/253116253,#請益 筆電充電燈號沒有亮,如題，筆電充電沒有亮燈，電池%沒有增加，是充電線壞掉嗎？筆電是acer,,台灣,論壇,DCARD,3C,2023/8/30,17:47:30,國立聯合大學,,0,1,0,0,0,0,0,負向,,
3481dd68-1528-5ada-840e-fc428b656cf2,https://www.dcard.tw/f/3c/p/253115857,#請益 高cp遊戲筆電,不想面對的開學要來了，更不想面對的專題也要開寫了，唯一值得開心的點大概就是可以跟爸媽報公帳買新電腦，目前申請得到的輔助款只有30k…，希望螢幕最少15吋（看過13吋的筆電螢幕真的太小我無法），目前是計,,台灣,論壇,DCARD,3C,2023/8/30,17:02:58,銘傳大學,,0,1,1,0,0,0,0,正向,,
1e5ad60c-2782-5a37-ab2c-c31b1d6b1bef,https://www.dcard.tw/f/3c/p/253115267,加裝記憶體和SSD詢問,各位好，我目前有一台微星的筆電，配置如下圖：1. 我想先詢問記憶體的部分，我在官網沒看到這兩個8G記憶體有任何一組是on board。所以意思是我可以去買DDR4-3200 16g或是32g的記憶體直,,台灣,論壇,DCARD,3C,2023/8/30,15:56:33,lexure life,,0,0,0,0,0,0,0,中立,,
a5fdc47a-ebb1-5d6b-8a66-babd82f773ce,https://www.dcard.tw/f/3c/p/253114754,#請益 用平板遠端控制桌機,大家好，請問如果未來就讀資工所，想使用平板遠端控制桌機，是否能勝任筆電的工作？目前有 iPad air 5、羅技藍芽鍵盤、USB HUB、Windows 筆電 （已使用7年）、桌機螢幕鍵盤，最近打算換,,台灣,論壇,DCARD,3C,2023/8/30,14:55:10,國立成功大學,,0,9,1,0,0,0,0,正向,,
0b938cae-f0b9-5d45-8db7-bb66dffd9fc4,https://www.dcard.tw/f/3c/p/253114614,#請益 大一筆電選購,目前用了8年左右的筆電壽命將至，所以想換一台新的筆電，爬文看了了非常久，還是沒有看得很懂那些型號是有什麼差別，感覺看完後，馬上又有例外...，所以想問問看版上的各位大神有沒有推薦的機型（可以對岸），謝,,台灣,論壇,DCARD,3C,2023/8/30,14:39:10,輔仁大學,,0,0,1,0,0,0,0,中立,,
b60d3801-b5e5-5bf9-b188-0442348c8c23,https://www.dcard.tw/f/3c/p/253112952,最近想要買一台新的筆電，預算20000左右，最高25000，希望大家可以推薦一下,需求：影片剪輯，音樂創作，玩一些遊戲. ex：gta5，因為我是第一次買，希望大家可以給點意見,,台灣,論壇,DCARD,3C,2023/8/30,11:26:34,hi,,0,2,0,0,0,0,0,正向,,
ce899521-ea1d-56aa-8024-d104b7a7f4ce,https://www.dcard.tw/f/3c/p/253111151,#問題 Acer筆電外接麥克風無法說話,如題，我的筆電型號是AN715-51 使用的耳機是iPhone附的有線耳機，最近玩遊戲時朋友說聲音很糊有雜音，我才發現原來我接耳機，麥克風是完全沒作用的，依然是使用筆電內建麥克風收音⋯⋯ 導致聲音都是,,台灣,論壇,DCARD,3C,2023/8/30,2:19:16,國立臺北商業大學,,0,0,0,0,0,0,0,中立,,
9b002d15-8dab-5562-bf52-05fe8c858863,https://www.dcard.tw/f/3c/p/253110878,筆電規格請益,因為家中原本的電腦用了6年後真的跑不太動了，想說把自己用的這台留給家裡，換一台輕一點的（現在這台2.2KG又粗又重）。平常就是打報告、文章、看YT，有時候會有影片處理的工作（不多且很輕鬆，基本就是剪輯,,台灣,論壇,DCARD,3C,2023/8/30,1:26:14,小周,,0,0,0,0,0,0,0,中立,,
f1f50524-78bb-55c2-abd1-f261cefc14a1,https://www.dcard.tw/f/3c/p/253110795,筆電推薦,在網路上爬文了很久，因為真的對電子產品不是很了解，所以看了那些專有名詞也看不太懂，想要請各位專業哥哥姊姊們推薦，目前是升大一 地理系，預算大概在15000上下，希望用到畢業（不知道這個價錢能不能找到這,,台灣,論壇,DCARD,3C,2023/8/30,1:12:03,國立臺灣師範大學,,0,1,0,0,0,0,0,負向,,
530e0244-3297-50f6-bf3e-7b453d5b1ebb,https://www.dcard.tw/f/3c/p/253110310,#筆電求解,今天突然發生我的耳機沒聲音，重插耳機之後還是一樣，已經確定耳機沒有壞掉，而且插上耳機之後跑yt的影片就會一直轉圈圈，拔掉耳機之後影片就正常了，再插上耳機又會一直轉圈圈，請問這是音源孔的問題嗎？我也有清,,台灣,論壇,DCARD,3C,2023/8/30,0:18:41,APTX4869,,0,4,0,0,0,0,0,正向,,
d3eb8ffb-f02b-5829-b30e-93a150bdcd21,https://www.dcard.tw/f/3c/p/253109875,#請益 3.5萬內筆電選擇,#請益 如題，最近因為工作需求需要北上，加上明年研究所可能需要筆電，就順勢需要買一台筆電攜帶方便（需求目前打遊戲 星海爭霸 極少玩3A，還有未來資工所跑程式），最近看了許多電腦 整體綜合評估選出了這兩,,台灣,論壇,DCARD,3C,2023/8/29,23:35:07,國立屏東大學,,0,6,0,0,0,0,0,正向,,
b590da47-43ae-504e-b583-de1d5c4e46b1,https://www.dcard.tw/f/3c/p/253109597,雙螢幕顯示不出來,目前是用筆電來外接螢幕用，筆電是MSI GP63，螢幕是acer但忘了型號，有買一個dvi to hdmi的線，之前使用都是沒問題的，但最近在用的時候外接的螢幕顯示不出來，但是看電腦的顯示設定有偵測到,,台灣,論壇,DCARD,3C,2023/8/29,23:08:53,國立臺灣海洋大學,,0,0,0,0,0,0,0,中立,,
63f606b0-ca46-529f-a129-a8ef329037c5,https://www.dcard.tw/f/3c/p/253109575,有沒有大學生想買二手電競筆電～,請問有沒有大學生想買筆電的🥹，我想賣這台$20000（有原廠充電線和原廠背包），售出原因：剛畢業，也發現平常用不太到，放著感覺也蠻可惜，所以想售出～,,台灣,論壇,DCARD,3C,2023/8/29,23:07:30,嶺東科技大學,,0,0,0,0,0,0,0,中立,,
bb95c25a-f72e-5109-a944-8f91ceb7de61,https://www.dcard.tw/f/3c/p/253108800,開學季想要買台電競筆電,#新手 #問機 #請益 #問題，如題，希望各路大俠能為菜鳥推薦幾款好用CP值高的，陪我征戰大學四年不會壞，預算：30000～35000，遊戲需求：APEX、LOL、MC、原神、使命召喚、For hon,,台灣,論壇,DCARD,3C,2023/8/29,21:53:59,一片死吉,,0,0,0,0,0,0,0,中立,,
b2e60d8e-55df-5d1e-8934-6edfc75941c3,https://www.dcard.tw/f/3c/p/253108669,求筆電推薦,現在在這兩台之中二選一，目前升大一讀資管系，遊戲的話應該主要跟朋友玩個原神而已，這兩台會比較推哪台 或是有推薦其他3萬內的筆電,,台灣,論壇,DCARD,3C,2023/8/29,21:42:51,新生,,0,0,0,0,0,0,0,正向,,
eb20753e-3a1b-5374-8c51-e61f85ec76e8,https://www.dcard.tw/f/3c/p/253108498,筆電請益,本人是今年升大一的，最近要開始選購筆電，聽說系上報告偏多，可能用筆電頻率較高，我也有先找過一些我看上去應該是可以的，因為我不太懂電腦的部分，想問問看大家的意見，或者是有其他推薦的也可以推薦給我～需求：,,台灣,論壇,DCARD,3C,2023/8/29,21:28:12,實踐大學,,0,0,0,0,0,0,0,正向,,
e14c0361-04e9-5038-bb4e-dbd1a5394109,https://www.dcard.tw/f/3c/p/253106709,不知道是不是買到不一樣規格的筆電,第一張圖是我買的筆電，上面明確寫的是512G，但我用了幾個禮拜後發現感覺儲存空間好像不太一樣，還是我搞錯了？！，有沒有比較了解這方面的大神幫我解答一下，萬分感謝‍️‍️‍️,,台灣,論壇,DCARD,3C,2023/8/29,18:12:46,チワワ,,0,0,0,0,0,0,0,正向,,
be60c5a4-8315-5fcb-864e-8fad7f90fe6f,https://www.dcard.tw/f/3c/p/253106285,艾凱科技 燒毀顧客筆電,"112/8/15因為電池膨脹問題送至原廠維修，112/08/17告知維修人員將電池割破而導致電腦燒毀，這個過程本應是維修人員應注意而未注意所造成的過失，卻要顧客買單，只願意""補償5000""（店長堅持不",,台灣,論壇,DCARD,3C,2023/8/29,17:22:44,咖啡裡的魚,,0,0,0,0,0,0,0,負向,,
41efc063-1ec0-5f52-958f-b1bb71ca3eb7,https://www.dcard.tw/f/3c/p/253106239,筆電此維修費用該修嗎？,#請益，如題，不確定是不是發3C版，小弟筆電為2020/09購入的msi GL65，上週無預警關機，初步檢查是不過電不開機，送原廠維修後回覆結果是主機板CPU故障，維修費用要11600（已9折），費用,,台灣,論壇,DCARD,3C,2023/8/29,17:18:19,淡江大學,,0,0,0,0,0,0,0,負向,,
3b130ecd-db77-53ac-b201-f34a87b42054,https://www.dcard.tw/f/3c/p/253105903,電視下方的Panasonic 孔,本人因為這輩子從沒用過HDMI筆電接電視看影片，又因為電視有Dolby Audio，所以心血來潮想試試，問了管理員後得知HDMI孔在電視本體下面，請我摸摸看，但我怎麼摸都沒有，電視下面只有這兩個孔，然,,台灣,論壇,DCARD,3C,2023/8/29,16:41:22,嘿！,,0,0,0,0,0,0,0,中立,,
1eb9eb2a-42a8-590a-ba82-050b72126c34,https://www.dcard.tw/f/3c/p/253104669,3D繪圖筆電推薦（內有選手）,如題請益，有先爬文做功課了，依照品牌、規格和預算篩選下來有9台，目前已知會使用到的軟體有Adobe系列和SolidWorks，挑選規格如下：處理器 Intel Core i7 or i9 13代，記憶,,台灣,論壇,DCARD,3C,2023/8/29,14:23:53,國立聯合大學,,0,0,0,0,0,0,0,正向,,
57ba909a-cdd7-5db2-b184-d469bd3666a4,https://www.dcard.tw/f/3c/p/253104660,#請益 3D建模 RTX3060 vs 4060Ti-16GB,不打3A，純興趣雕人像建模（沒有大場景），渲染人像及周圍氛圍營造的小場景，6年前買的筆電，開始會直接卡死動不了，隨著軟體越來越肥，在創作上真的有點受限，於是決定組桌機，希望細節可以處理更好，所以猶豫要,,台灣,論壇,DCARD,3C,2023/8/29,14:23:03,MM,,0,0,0,0,0,0,0,中立,,
e25d057e-8b86-50e5-a733-9c560cc26cfa,https://www.dcard.tw/f/3c/p/253104135,2萬5內 文書跟電競都幾,打工存了一些錢 想拿去買筆電，目前玩的遊戲有楓之谷 跑跑2 偶爾玩原神 CS，原本想買電競筆電，可是不想買太重的 帶去學校很累….，（平時上課還是會帶去做筆記跟報告），希望至少兩公斤內的 預算25K，,,台灣,論壇,DCARD,3C,2023/8/29,13:18:26,國立臺灣大學,,0,0,0,0,0,0,0,中立,,
0ee4f9b7-d42a-5305-8be7-a5f3b59c995d,https://www.dcard.tw/f/3c/p/253103550,HP筆電突然開不了機 找不到硬碟,如題 昨天用還沒事 今天起床開機就突然顯示，電腦型號是 Pavilion Gaming Laptop 15-dk0xxx，有按照官方文件恢復BIOS預設設定過了，F2硬碟檢查快速測試是沒問題，組態設定,,台灣,論壇,DCARD,3C,2023/8/29,12:03:59,Sandy,,0,0,0,0,0,0,0,中立,,
4b1405ee-d394-5e9d-bcb3-2fd4171199fc,https://www.dcard.tw/f/3c/p/253103434,想請問一下這2台電競筆電會比較推薦哪一台?,#問題，ACER Nitro5 AN515-58-5427，ASUS TUF FA507NV-0032B7735H，主要是想玩惡靈古堡和一些3A遊戲，記憶體和ssd會另外升級升級，以這2台為主，如有其,,台灣,論壇,DCARD,3C,2023/8/29,11:48:36,meme,,0,3,0,0,0,0,0,中立,,
fbaf7f4c-a4d5-5bf9-87cf-1965c7986af7,https://www.dcard.tw/f/3c/p/253102666,資工系上課筆電挑選,大家都說上大學會需要用到筆電，而我只有桌機（有獨顯），有點怕怕ㄉ所以決定來買一台筆電，未來我也會上Ai相關課程，所以也會需要用到顯卡（？目前買筆電只有以下用途，1.上課用（打程式、打報告），2.咖啡廳,,台灣,論壇,DCARD,3C,2023/8/29,9:55:30,餅乾🍪,,0,0,0,0,0,0,0,正向,,
daf62f02-12be-5ed2-bfde-6bc6fe1dc735,https://www.dcard.tw/f/3c/p/253101661,二手筆電 戴爾Dell xps 15-7590 求售,如題，有台二手筆電想賣，非常新不常用。原價48000，售25000，面交～台中佳，其他地方看情況約，要看更多詳細照片可以私我，電腦，螢幕尺寸：15.6吋FHD，螢幕解析度：1920 x 1080，處理,,台灣,論壇,DCARD,3C,2023/8/29,2:47:57,小瘋子,,0,5,0,0,0,0,0,中立,,
3df453dd-a5be-531b-9ea8-ddcd927a1f7a,https://www.dcard.tw/f/3c/p/253101382,這兩台筆電推哪台,主要需求有：看影片 寫程式 和下死人棋，蠻常會有要帶出門的情況，想請問這兩台推薦哪一台，主要考量的點是左邊的處理器比較好而且灰色滿好看的 剩下右邊的規格比較好，很猶豫要買哪一台，再麻煩各位了！,,台灣,論壇,DCARD,3C,2023/8/29,1:48:49,肚子餓睡不著,,0,2,0,0,0,0,0,中立,,
6204d3db-e996-58a8-a090-96498d17b289,https://www.dcard.tw/f/3c/p/253101203,想選一台電競筆電，求推薦，預算30000上下，最多33000，謝謝🙏,個人需求：1.能順跑3D繪圖軟體或打程式，2.會玩一些3A大作，但就是沒玩原神，3.續航力佳，4.有支援指紋解鎖和臉部辨識更佳，小弟我第一次買筆電，不是很了解，所以想請教大家，謝謝,,台灣,論壇,DCARD,3C,2023/8/29,1:20:15,國立高雄科技大學,,0,7,2,0,0,0,0,中立,,
2c2bc891-8492-5761-9c03-9c1f52565ea0,https://www.dcard.tw/f/3c/p/253100543,TUF筆電充電 進入休眠後鍵盤閃爍白光兩下是正常的嗎 求解,第一次發文請見諒（･･；），#請益,,台灣,論壇,DCARD,3C,2023/8/29,0:02:54,烏龜🐢,,0,0,0,0,0,0,0,中立,,
3532b99d-50f7-51bb-bf65-3a7c3a8891a1,https://www.dcard.tw/f/3c/p/253097661,#開箱 #筆電 Acer使用心得分享,哈囉大家好，今天要來分享Acer Nitro 5的開箱心得，我是在原價屋買的（俗稱罰站屋🤣），還好這次去拿筆電沒有等太久，店員的服務流程詳細又專業，箱子外觀、筆電外觀、功能，全部都檢查一遍，旁邊的客人,,台灣,論壇,DCARD,3C,2023/8/28,19:19:04,uncle train,,0,0,0,0,0,0,0,正向,,
47d1f295-0e90-5e9e-ae2a-4c208787a529,https://www.dcard.tw/f/3c/p/253097546,筆電回收店家、價格,請益，規格如圖，2015購入，僅使用了大一上學期，放到現在大概一年打開來一次，決定不要在放著佔空間了，請問高雄有推薦能收的店家嗎？賣的話大概能賣多少呢？目前看下來功能都滿正常的,,台灣,論壇,DCARD,3C,2023/8/28,19:03:53,樹德科技大學,,0,0,0,0,0,0,0,正向,,
98792edb-b8b2-5538-aa19-15d789494465,https://www.dcard.tw/f/3c/p/253097513,快充 變壓器.傳輸線.行動電源推薦？,最近在找上面這些東西，有蠻多牌子的，nitormate.綠聯.飛利浦...等等，不知道實際品質.效能如何？除了手機PD快充，還有筆電行動硬碟傳輸速度的需求，再來就是想找短一點的type-c to ty,,台灣,論壇,DCARD,3C,2023/8/28,18:59:55,idle,,0,0,0,0,0,0,0,正向,,
8fea8fa1-1662-5f04-9407-b147ded7b95f,https://www.dcard.tw/f/3c/p/253097058,#請益  2萬5以下有甚麼推薦的筆電是適合寫程式的嗎?,想請大家幫我推薦那些型號品牌是適合我的，謝謝 ！，我的預算是2萬5以下，但希望性能還不錯，然後可以用2~3年的~，我的需求是 ：1.寫程式可以很好用，2.閱讀電子書沒有障礙，3.觀看影片（如yt）對眼,,台灣,論壇,DCARD,3C,2023/8/28,18:11:57,東吳大學,,0,0,1,0,0,0,0,正向,,
fcb9364b-44da-5e51-9327-03f7d65e34cd,https://www.dcard.tw/f/3c/p/253096127,#請益 二手筆電價格,哈囉大家好～想請問如果要賣下面的筆電行情大概多少？當初購買價格$37500，DELL Inspiron 14-5410 I7-11370H 16G RAM     14吋玫瑰金窄邊，【保固】2021/,,台灣,論壇,DCARD,3C,2023/8/28,16:31:11,小熊陪你摘星星,,0,0,0,0,0,0,0,中立,,
dcaef462-43be-59bd-8a09-21c21aa918b1,https://www.dcard.tw/f/3c/p/253096121,#閒聊 有在3C家電展買過東西嗎?,現在用的筆電是LG的gram，外型很美，但不太耐用，所以這次想買專做筆電的品牌，看到AUAS跟ACER 有參加3C展，就想去參觀9月初的家電展，順便看電視，現在家中電視也有點壞了，有時會發不出聲音來，,,台灣,論壇,DCARD,3C,2023/8/28,16:30:16,東吳大學,,0,0,0,0,0,0,0,中立,,
350c0b7f-24cd-5b29-b1d1-b538cfd1c714,https://www.dcard.tw/f/3c/p/253095988,#請益 筆電壞掉維修還是買新機,如題，手上有一台18年從大陸買的華碩筆電。之前螢幕閃爍所以花了4000塊換新，不過因為有將近一年的時間沒有使用，這陣子發現鍵盤有卡鍵和一邊的風扇故障等問題，維修店說報價大概會在3000-4000塊左右,,台灣,論壇,DCARD,3C,2023/8/28,16:16:07,國立臺北大學,,0,0,0,0,0,0,0,負向,,
78f1379d-87d7-52af-939d-f2a6696c0cde,https://www.dcard.tw/f/3c/p/253095496,請問cso適合的筆電,#請益，請問有無推薦適合打cso的筆電？預算大概20000上下 謝謝,,台灣,論壇,DCARD,3C,2023/8/28,15:17:53,臺灣警察專科學校,,0,2,0,0,0,0,0,正向,,
10200948-ceca-5efa-8ed1-e2c939452de6,https://www.dcard.tw/f/3c/p/253095314,#問題 筆電鍵盤rgb設定,最近買了ASUS TUF GAMING系列的電腦，第一次碰到rgb鍵盤，想問那個鍵盤的燈可以自訂成單色的嗎，還有可以跟滑鼠顏色同步嗎？請各位大佬賜教‍️,,台灣,論壇,DCARD,3C,2023/8/28,14:57:09,匿名,,0,1,0,0,0,0,0,中立,,
d617cb60-e2dd-5d9e-9dd4-9b54ceac3ffb,https://www.dcard.tw/f/3c/p/253095149,#請益 筆電 室內設計,大家好，最近在上室內設計的課，需要買一台筆電，有研究很久了，但可能真的對電腦一竅不通，到現在還沒挑出來，麻煩大家幫我看看～幾乎不打遊戲，預算三萬五左右都行，應該會去NOVA購買，所以基本上都會幫忙升級,,台灣,論壇,DCARD,3C,2023/8/28,14:36:13,cc,,0,1,0,0,0,0,0,負向,,
2a2dc17e-a6be-5ffb-b4e0-ae9c38e9e8be,https://www.dcard.tw/f/3c/p/253093211,#問題 想問dp轉hdmi,先說自己螢幕的插孔僅剩一個dp孔，自己的筆電只有一個type c接孔 所以買了一個type c轉接頭 可以支援hdmi，現在我要買哪種線或轉接頭呢？是直接買一條線dp公轉hdmi公的？還是dp端直接轉,,台灣,論壇,DCARD,3C,2023/8/28,10:23:19,實踐大學,,0,3,0,0,0,0,0,正向,,
4382ec0d-2245-5e59-a41b-5b0d9a5c6d47,https://www.dcard.tw/f/3c/p/253092710,#請益 請問筆電顯卡、處理器還能買上一代的嗎,抱歉第一次買筆電，之前也上網分析了，顯卡3000系列跟4000沒差太多，也可以比較省錢，但就是不知道之後維修的話會不會影響到（ex：沒貨） 還請板上大哥大姐給個意見，勞煩了，-------------,,台灣,論壇,DCARD,3C,2023/8/28,8:54:22,國立中興大學,,0,5,0,0,0,0,0,負向,,
c34b2039-2de8-54df-b505-6d878c36a9ee,https://www.dcard.tw/f/3c/p/253091768,#請益 筆電選擇,需求 打遊戲 剪輯影片，考慮了這幾台 規格價錢都差不多，最右邊那台如果買了會+8g，那個黑黑的字是重量或價錢，想請問推薦哪一台，又或者有什麼優缺點,,台灣,論壇,DCARD,3C,2023/8/28,2:03:08,弘光科技大學,,0,3,0,0,0,0,0,中立,,
205093ae-168a-5faa-89c5-dcdf92c240a8,https://www.dcard.tw/f/3c/p/253091688,#請益 文書筆電選擇推薦,想要買一台輕型文書筆電，鎖定品牌：HP 跟 ASUS，需求：1. ﻿﻿平常做行政文書處理 （Word， Excel..等），2. ﻿﻿會用到Autocad（2D繪圖），3. ﻿﻿偶爾會用Photosh,,台灣,論壇,DCARD,3C,2023/8/28,1:47:34,mila,,0,2,0,0,0,0,0,中立,,
15df0648-cc95-5683-a41a-8febe45d3f80,https://www.dcard.tw/f/3c/p/253091386,#請益 筆電推薦,預算：$35000以內，需求：大部分用來寫程式（電資）與遊戲（3A、APEX），目前有兩台在選：ER Nitro5 AN515-58-5427 15.6吋電競筆電（i5-12500H ∥ 16GB D,,台灣,論壇,DCARD,3C,2023/8/28,1:03:10,國立中興大學,,0,0,0,0,0,0,0,中立,,
c829ed0e-beb5-5151-ab4d-cb22e53d2714,https://www.dcard.tw/f/3c/p/253090605,請問原光華商場推薦中古電腦收購店家？,第一次發文，還請多多指教‍️，因近期可能要出售筆電Avery，不知原光華商場，大大們有推薦的中古電腦收購商家嗎？謝謝,,台灣,論壇,DCARD,3C,2023/8/27,23:33:14,夢を追いかけて,,0,0,0,0,0,0,0,中立,,
a77c8f3f-d95a-59af-ac9f-176f9676616a,https://www.dcard.tw/f/3c/p/253090161,#請益 筆電推薦,我是大一新生想請問筆電要購買哪一台比較好？本人的需求大概就是做報告 文書處理 看資料，追劇 看yt或電影 偶爾打lol，平常應該放在宿舍不會攜帶 只有上課用到或寒暑假帶回家，預算大概2~2.5w，希望,,台灣,論壇,DCARD,3C,2023/8/27,22:46:48,東吳大學,,0,0,0,0,0,0,0,正向,,
6c5d571b-9f56-5f8b-a768-d146433e8f6d,https://www.dcard.tw/f/3c/p/253089994,4~5萬的電競筆電,本身是建築系的新生，需要建模和渲染，色域好想要廣一點🥹，Rhino， Sketch up和一些平面軟體都用的到，目前看到以下的款式：1.惠普，US，真的有點煩腦...之後要跑圖，還有玩點小遊戲，麻煩版,,台灣,論壇,DCARD,3C,2023/8/27,22:31:00,雨💧._.小洛,,0,0,0,0,0,0,0,中立,,
29b4ffd6-08c5-52ca-8f91-94c940bfe311,https://www.dcard.tw/f/3c/p/253089967,筆電鍵盤沒反應,電腦：gigabyte auros 7 9kf，用完筆電沒關機直接闔螢幕大約三小時後再打開發現筆電鍵盤無法使用（外接可以用），只剩Fn鍵可以點亮鍵盤燈，已嘗試過網路上fn +num lock鍵等大部分,,台灣,論壇,DCARD,3C,2023/8/27,22:27:51,咖哩烏冬,,0,0,0,0,0,0,0,正向,,
98206d90-4a72-5fe3-9b41-ec268042e4c4,https://www.dcard.tw/f/3c/p/253089710,電腦變得很黏怎麼辦,如題，我的筆電的表面那個材質過了幾年之後越來越黏，有時後還可以把滑鼠整個黏住，拔下來滑鼠也黏黏的，我不想讓我的電腦包也變黏…，是該買什麼電腦套之類的東西嗎？那樣電腦容易過熱嗎？求解,,台灣,論壇,DCARD,3C,2023/8/27,21:59:07,國立臺灣大學,,0,0,0,0,0,0,0,負向,,
2db5e8a8-36fc-5f1f-b917-96475d491aaf,https://www.dcard.tw/f/3c/p/253087431,請益 gigabytes aorus 17 與ASUS TUF 15.6的比較,#筆電，糾結點（4060只有105w跟ddr4），ASUS FA507NV-0032B7735H 御鐵灰（AMD R7-7735H/8GB/RTX 4060/512G PCIe/W11/FHD/144,,台灣,論壇,DCARD,3C,2023/8/27,17:18:06,Ryant,,0,0,0,0,0,0,0,中立,,
8761c550-51b3-5dbb-814d-473d407b5925,https://www.dcard.tw/f/3c/p/253085530,30k左右 筆電選擇 內有選手,小弟需求，70%看劇 網課 30%偶爾lol apex 希望能順跑，Cpu intel平台，目前有看到這兩台，Acer會+8g=16g記憶體 價錢大概30k，但是cpu12代，Msi cpu 13代,,台灣,論壇,DCARD,3C,2023/8/27,12:57:15,亞洲大學,,0,0,0,0,0,0,0,中立,,
3dca22f3-5b25-5056-96d7-f59d5e325ba3,https://www.dcard.tw/f/3c/p/253082877,#請益 設計系筆電,爬過很多文但還是沒有結論 所以上來請求好心人幫忙，主要用途是跑adobe的軟體 和小部分3D 跟影片剪輯，要求是有獨立顯卡 螢幕比較好 色偏色差較少的，其他功能夠負擔跑軟體即可，預算約3萬5內 重量2,,台灣,論壇,DCARD,3C,2023/8/27,0:54:50,Junnie,,0,4,0,0,0,0,0,正向,,
676ff5a9-f78f-5d31-addf-20ccb96a78e5,https://www.dcard.tw/f/3c/p/253082544,電競筆電購買建議MSI、聯想、ROG,想請教各位大大～最近要想買一台好一點的筆電，因為平常除了打報告之外，自己還有電腦繪圖、影片剪輯的使用，遊戲則是會玩LOL、吃雞、原神、星窮鐵道為主，預算希望在9萬以下，想問一問MSI、聯想、ROG三家,,台灣,論壇,DCARD,3C,2023/8/27,0:14:23,Nikohako,,0,2,0,0,0,0,0,正向,,
ac913cd7-56dc-54d2-a242-7499a0053bdd,https://www.dcard.tw/f/3c/p/253082542,筆電挑選請益！（內有選手）,最近要開學了 想買一台筆電，平常只會追追劇打個lol，本人是理工科系的 可能會寫到程式，重量不限 預算在兩萬上下，目前有看了幾台很猶豫 想問問大家意見，有更好的也歡迎推薦！，1.，整體規格不錯有獨顯s,,台灣,論壇,DCARD,3C,2023/8/27,0:14:21,國立東華大學,,0,4,0,0,0,0,0,正向,,
41d0f7eb-abe0-565b-a758-7891369f1413,https://www.dcard.tw/f/3c/p/253082466,#請益 電競筆電挑選（有選手）,因為之後有預定要長期出國一陣子，所以想挑一台筆電為主！，看了很多還是不清楚哪一台最適合🥹，預算：3萬內最高希望不超過3萬3，用途：遊戲主要是apex、特戰、FPS類，希望打的時候不會過燙，跑起來可以順,,台灣,論壇,DCARD,3C,2023/8/27,0:05:30,東吳大學,,0,3,0,0,0,0,0,正向,,
9ae7cb08-225c-5bf1-aa29-fc0b586536ce,https://www.dcard.tw/f/3c/p/253082234,#問 大學筆電推薦 有選手,目前是大一新生想購買電腦，我是化學系好像是不需要專業軟件...吧，需求：使用習慣：做報告（會瘋狂開分頁）、做筆記、看影片...好像沒了，雖然需求不高但希望買好一點，祈禱壽命可以長一點，容量：16G+5,,台灣,論壇,DCARD,3C,2023/8/26,23:38:02,無名,,0,0,0,0,0,0,0,正向,,
b8fd414b-e5ac-5260-b29d-2ac2bf2ba8ae,https://www.dcard.tw/f/3c/p/253079614,筆點比較,最近要開學了，舊的筆電規格實在是太舊了，希望換一台新的筆電，最近就開始研究起ASUS的tuf系列，目前看中意的是，與，以及，平時使用習慣大多是看看影片或是做報告，偶爾打LOL或是麥快，有考慮使用手機模,,台灣,論壇,DCARD,3C,2023/8/26,18:24:41,逢甲大學,,0,0,0,0,0,0,0,正向,,
f2d085c6-c53f-5fd7-8a37-31c5cfc6f7b6,https://www.dcard.tw/f/3c/p/253078758,新手白色主機菜單健檢,#請益，各位大神大家好 小弟最近想自己組一台白色主機，目前預算包含螢幕是希望在五萬上下，用途上是希望能跑一些3A大作的單機遊戲，本身是化工系的學生對於專業軟體上需求應該不大，只是說本身筆電是Mac所以,,台灣,論壇,DCARD,3C,2023/8/26,16:24:34,Kozy,,0,0,0,0,0,0,0,正向,,
d7141273-3d97-5531-a339-65b9064c7a44,https://www.dcard.tw/f/3c/p/253077424,這台剛出的Lenovo LOQ 15IRH8有人推嗎?,#問題#筆電，最近打算買30000上下的電競筆電，去看了實體機被這台煞到，4050+i513代很夠我用了，且好像是8+8ram。他i/o設置在屁股後面整個打中我的心巴！  想問問各位的意見~,,台灣,論壇,DCARD,3C,2023/8/26,13:25:12,國立屏東大學,,0,0,0,0,0,0,0,中立,,
62819fba-e5ff-5e12-b090-7a929994cef8,https://www.dcard.tw/f/3c/p/253077298,筆電thunderbolt 4充電請益,#請益，最近買了一台Asus Vivobook S （S3402ZA），有thunderbolt 4插孔 可以充電，原廠配90w充電器，但我現在想買一顆GaN充電器比較方便攜帶，網路上GaN充電器功率,,台灣,論壇,DCARD,3C,2023/8/26,13:08:58,國立成功大學,,0,0,0,0,0,0,0,中立,,
11b33704-f437-565f-b535-5e81df3a4bec,https://www.dcard.tw/f/3c/p/253076469,#請益 大四筆電選擇,本人目前大四  最近在看paper的時候筆電就掛了🥲，想要買一台新ㄉ筆電  目前看到幾台在選擇，平日需求：1.平常做做文書（Word， PPT...等），2.有時會用Canva做報告或是自己做設計，3,,台灣,論壇,DCARD,3C,2023/8/26,11:08:19,國立彰化師範大學,,0,1,0,0,0,0,0,中立,,
d8543a18-8354-5ccd-abba-ba3d48094089,https://www.dcard.tw/f/3c/p/253076016,3C電腦展要到了，Dell的筆電會降價嗎？,#請益，最近打算買個電競筆電，看了好多品牌後，最後決定想買Dell的試試。現在有活動，檔期跨到電腦展的時間，但下週就是電腦展了，廣告一直看到電腦展下殺萬元的推播廣告，想問看是否有知情人士知道，這兩天專,,台灣,論壇,DCARD,3C,2023/8/26,9:43:28,路過順個瓜,,0,1,0,0,0,0,0,中立,,
96e2f2c1-c85c-5f9a-88d4-c9fa3225596d,https://www.dcard.tw/f/3c/p/253073714,#請益 筆電選擇,預算：2萬~3萬，我是資工系的，之後要寫code，不會打遊戲，打報告、看影片，所以不需要有獨顯，文書筆電就OK，想找螢幕14~15.6吋，RAM可以升到16G、SSD 1TB的電腦，目前有看了幾台，想,,台灣,論壇,DCARD,3C,2023/8/25,23:32:09,ㄐㄐ,,0,0,0,0,0,0,0,中立,,
322ebb28-cc0b-519d-a934-c31db53d6bcc,https://www.dcard.tw/f/3c/p/253072770,#請益 深度學習 電腦組裝選擇,最近因為工作， 想學習AI訓練繪圖及深度學習之類的功能. 目前使用MacBook pro M1 Pro 晶片， AI訓練時跑起來很吃力速度及效果都不好.，原本打算換一台頂一點的筆電， 但廣大網友們建議,,台灣,論壇,DCARD,3C,2023/8/25,21:55:44,Alien,,0,0,0,0,0,0,0,負向,,
e1092176-4dfa-583c-a829-c14302a2a2b6,https://www.dcard.tw/f/3c/p/253068677,筆電選擇,#請益，最近因為剛升大學所以需要一台筆電，目前在網路上爬文後心中有了一個底，我的主要需求是：做報告、看影片追劇、寫一點程式（科系），爬文後覺得這台可以符合我主要需求，然後又可以讓我大學帶著趴趴走（很輕,,台灣,論壇,DCARD,3C,2023/8/25,14:22:30,國立嘉義大學,,0,0,0,0,0,0,0,正向,,
4cd0a027-2e79-5ce7-9c10-f5812fb92bfb,https://www.dcard.tw/f/3c/p/253068628,#請益 筆電詢問（內有選手,想尋問各位筆電選購問題，需求是上學上課用（視光系），會帶在身上，偶爾看影片，不打遊戲，預算25000，以下為選手：US Vivobook S 15 OLED （S3502，12th Gen Intel,,台灣,論壇,DCARD,3C,2023/8/25,14:17:45,羽,,0,0,0,0,0,0,0,中立,,
85050509-fd1d-575d-9044-b375df20b3e3,https://www.dcard.tw/f/3c/p/253068379,大一筆電挑選（含選手）,如題 我是上面那篇文章的原po 想請問這2台筆電大家會選擇哪一台？優點：電量較大、色域較廣，缺點：方向鍵半殘，優點：顯卡滿血，缺點：比華碩重了300g，————————————————————，不考慮,,台灣,論壇,DCARD,3C,2023/8/25,13:47:07,國立臺北大學,,0,0,0,0,0,0,0,中立,,
41bdfa5f-e8b6-5ab7-b1f4-4dc57f4cd3ed,https://www.dcard.tw/f/3c/p/253068328,筆電推薦品牌/型號（文書機）,本來是用ASUS Vivo Book S14 的筆電，用了四年筆電壽命就差不多了 螢幕黑屏頻率高，曾經修理過一次 換了鍵盤和一顆硬碟，本來只想再用久一點，結果修理一年之後還是不能用了，電腦開機不到幾秒,,台灣,論壇,DCARD,3C,2023/8/25,13:40:31,長榮大學,,0,0,0,0,0,0,0,負向,,
f76e978b-28b5-5fa5-ae9f-c0982a9bc6ca,https://www.dcard.tw/f/3c/p/253066654,文書筆電挑選,最近要開始寫論文，想買一台文書用筆電，平常不打遊戲，只會看看影片，偶爾心血來潮剪出去玩的vlog（少之又少），論文跑統計會用R跑，但聽店員說文書機也跑得動？品牌的部分爬文很久其實不太清楚到底哪個比較好,,台灣,論壇,DCARD,3C,2023/8/25,10:39:49,國立嘉義大學,,0,0,0,0,0,0,0,中立,,
fd874023-48b9-5fe8-bcb8-f6ca1f8005a5,https://www.dcard.tw/f/3c/p/253065004,買筆電請益,預算3w-3w5，可能的需求有跑solidwork、Ansys、Matlab 偶爾打個lol，目前考慮的品牌有hp、msi，不考慮雙a因為之前使用的體驗不佳，1. Hp （這台要4w但本人可以用比較低,,台灣,論壇,DCARD,3C,2023/8/25,1:28:27,國立臺灣大學,,0,0,0,0,0,0,0,中立,,
2d6cb89f-7e61-5b8f-a9e2-4ae6dfd7645d,https://www.dcard.tw/f/3c/p/253064000,筆電購買問題,預算三萬塊上下，能問各位大大有什麼推薦的筆電嗎,,台灣,論壇,DCARD,3C,2023/8/24,23:36:50,,,0,0,0,0,0,0,0,中立,,
e714424c-76ec-51eb-960a-fcb2034eda44,https://www.dcard.tw/f/3c/p/253063977,#請益 15000筆電,今年升大一，最近想買一台文書筆電，用途：文書處理（word、ppt）、看電影、能玩Minecraft，處理器：i3/i5/R5 以上～找了跟預算差不多的筆電，爬文+自己找有選出6種筆電，沒有固定品牌，,,台灣,論壇,DCARD,3C,2023/8/24,23:35:15,國立臺東專科學校,,0,0,0,0,0,0,0,中立,,
e1dc5ca4-5a1f-5fef-9bb3-a864d7825c7e,https://www.dcard.tw/f/3c/p/253063563,請問ASUS筆電拆賣比較好還是整個二手？,螢幕過熱損壞，但換過核心玩遊戲不卡，以前沒相關經驗和概念，想請問大家意見，如果資料不全，我可以再提供，謝謝！，型號：ASUS ZenBook UX305,,台灣,論壇,DCARD,3C,2023/8/24,22:57:58,東海大學,,0,0,0,0,0,0,0,中立,,
47c82c4c-4bae-50fb-8311-04da49b63db3,https://www.dcard.tw/f/3c/p/253061375,突然出線公事包符號,如題，今天打開筆電突然發現edge出現公事包的符號，要怎麼把公事包符號弄掉啊,,台灣,論壇,DCARD,3C,2023/8/24,19:21:37,peggy愛狗狗,,0,0,0,0,0,0,0,中立,,
4ac87ca6-739c-5576-a9d5-5a87708c3e46,https://www.dcard.tw/f/3c/p/253061285,#請益 ASUS Vivobook 16底部擋板問題,大家好，第一次在這個版上發文，若有違規還請告知，謝謝！，小弟上週訂購了一台Asus Vivobook 16，上週六剛剛到貨開始使用，然而近兩日發現筆電在拿起時，左邊底部的擋板會有微微的「喀」聲，但外觀,,台灣,論壇,DCARD,3C,2023/8/24,19:10:07,李邦花花毛JK丁狗狗,,0,0,0,0,0,0,0,正向,,
4aba082e-25ef-504b-9581-29c360c6f073,https://www.dcard.tw/f/3c/p/253059970,大一筆電,本人資工系學生 經過各方比較決定選下面這台，規格，請問各位大師對這台的評價如何，謝謝,,台灣,論壇,DCARD,3C,2023/8/24,16:43:33,長庚大學,,0,0,0,0,0,0,0,中立,,
bffafaf6-b350-5a80-9f99-2c1b08ee663d,https://www.dcard.tw/f/3c/p/253059926,筆電選擇,前情：最近想換一台新筆電，前面拿過幾台asus，約莫3年左右就開始閃屏或是莫名其妙的關機了，所以對asus印象沒有很好🥲，需求：科系：電機系，用途：會打一些遊戲（之後不知道會不會玩別的）、課業、文書、,,台灣,論壇,DCARD,3C,2023/8/24,16:37:51,/ᐠ｡ꞈ｡ᐟ\,,0,0,0,0,0,0,0,負向,,
3a7bdc56-76fc-552f-9c5a-b320b4ee29a6,https://www.dcard.tw/f/3c/p/253057499,#請益 筆電推薦,最近家人想要換新筆電，不太熟悉要如何選擇，希望各位可以提供一些建議，主要用於文書處理、追劇、做報告、無遊戲需求，預算：2萬上下，螢幕：15-16吋，目前看到下面這一台，是否適合或是有更好的選擇,,台灣,論壇,DCARD,3C,2023/8/24,11:49:11,欸,,0,0,0,0,0,0,0,正向,,
5e4d7c50-4a7d-5434-a7d0-5eb9b55726d4,https://www.dcard.tw/f/3c/p/253057290,筆電規格,請問各位電腦大神，目前使用的是六七年前買的i7 6700HQ、16G、GTX950M，目前堪用 當年拿來玩GTA5也還行 想要升級的話，以下這台的話 CP值ok？升級會有感嗎？拿來玩現今主流遊戲，這台,,台灣,論壇,DCARD,3C,2023/8/24,11:18:01,Chai Chai,,0,2,0,0,0,0,0,正向,,
3b5c1036-ab01-579e-81d4-f0d352f53b0f,https://www.dcard.tw/f/3c/p/253057243,筆電挑選請益（內有選手）,大家好，小弟今年升大一，家中的筆電已不堪負荷，因此想挑選一台能至少撐4年的筆電，*記憶體都會加到16g 故不討論，需求：1.重量<2.3kg，2.跑程式（C++  python），（報告等等），4.未,,台灣,論壇,DCARD,3C,2023/8/24,11:09:54,國立臺北大學,,0,3,1,0,0,0,0,中立,,
9a107256-dbaf-5a59-8e93-19710fd58992,https://www.dcard.tw/f/3c/p/253056381,#請益 mac還是windows！,我的工作領域是人資，之前都是在inhouse用桌電，近日跳槽到日商，日後會有大量時間居辦，想說入手個筆電，請各位大大幫我看看我的需求，工作時常會跑大量Excel，應用各種Excel公式、巨集、VBA，,,台灣,論壇,DCARD,3C,2023/8/24,7:56:12,無聊女子,,0,3,0,0,0,0,0,正向,,
c273662d-f497-59bc-858a-01b37bbd926d,https://www.dcard.tw/f/3c/p/253055997,MSI Bravo 15 C7VFK,最近在看筆電預算大概35000內，想請問各位大大這台的表現如何？,,台灣,論壇,DCARD,3C,2023/8/24,3:48:05,Littlesun,,0,1,0,0,0,0,0,中立,,
be623bbf-f31a-59fa-a111-a55cad99ee0c,https://www.dcard.tw/f/3c/p/253055351,請益筆電選擇（內有選手）,更一下 忘記說螢幕不想要是oled的怕烙印‍，-，平常使用大概是：追劇看影片（Netflix、YT）、打報告、偶爾剪短影片、搶票、玩小遊戲（Overcooked之類），預算：兩萬至三萬，尺寸：14～16（,,台灣,論壇,DCARD,3C,2023/8/24,1:12:32,靜宜大學,,0,4,0,0,0,0,0,中立,,
e662df08-bd40-50fb-851f-625c2c418f78,https://www.dcard.tw/f/3c/p/253055287,文書筆電一問,我本身已經有一部電腦了，但想問一個作文書處理，請問這台可以嗎？大約hkd 3499 twd 14000左右，大家有其他推薦嗎？ 謝謝大家的幫忙,,台灣,論壇,DCARD,3C,2023/8/24,1:03:07,香港專上學院,,0,7,0,0,0,0,0,正向,,
1e7a626f-f2b1-5531-997b-a2ed0a7dc5b6,https://www.dcard.tw/f/3c/p/253054119,問機 HP 惠普 15吋 i5-12500H RTX3050-4G 電競筆電(光影15 Victus Gaming 15-fa0031TX/8G/512G SSD/W11),#請益 #問機,,台灣,論壇,DCARD,3C,2023/8/23,23:00:51,崑山科技大學,,0,0,0,0,0,0,0,中立,,
4c1807ae-28a0-5ee3-9c1a-38015a74b820,https://www.dcard.tw/f/3c/p/253053475,#請益 筆電選擇,平常用途：玩3A大作、跑深度學習，預算考量：4w上下，有找了幾臺筆電，想請問哪臺會比較推薦，1. ASUS FX507ZV4-0102B12700H，2. ACER Nitro5 AN515-58-7,,台灣,論壇,DCARD,3C,2023/8/23,21:57:05,YI0,,0,1,0,0,0,0,0,中立,,
b9da611e-17c4-5b06-8f4d-f475fb4c3b4f,https://www.dcard.tw/f/3c/p/253053176,筆電請益,錄取了環安系，上網爬文後，了解一些基本資訊後還不清楚該如何選擇，尺寸：15寸左右，處理器：至少12代以上，RAM：至少16GB，儲存空間：512GB以上，有沒有獨顯都沒關係，只拿來做作業，平常拿來追劇,,台灣,論壇,DCARD,3C,2023/8/23,21:28:46,國立高雄科技大學,,0,1,1,0,0,0,0,中立,,
54cc84ce-62a2-5fc7-8d62-d259b51e4e57,https://www.dcard.tw/f/3c/p/253053166,二手windows筆電求售,#請益，3c新手，工作需求，只要能順跑word excel等資料處理，不會看影片，求好心人售一台筆電，只要能順跑舊一點也沒關係，預算3000-5000內，有人想賣舊電腦嗎？謝謝,,台灣,論壇,DCARD,3C,2023/8/23,21:27:59,22330016sck,,0,1,0,0,0,0,0,中立,,
d1698957-33d7-59f1-9994-6e27c9319677,https://www.dcard.tw/f/3c/p/253052741,#請益 關於筆電選擇,各位前輩好，由於大學時購買的筆電最近一直莫名重開機，目前論文寫到一半了受不了所以下定決心要來買一台新的，是目前正在使用的電腦 但是常常跳藍屏要重開機，但是有點猶豫到底要買哪一牌哪一台筆電所以上來詢問，,,台灣,論壇,DCARD,3C,2023/8/23,20:42:05,國立中興大學,,0,4,0,0,0,0,0,正向,,
c28da85b-3cfc-5908-bdba-473508b37823,https://www.dcard.tw/f/3c/p/253052150,#請益 二手筆電價格,因為最近想換筆電，打算把手邊這台賣掉，但不太清楚行情價，想詢問版上各位高手們這台目前售賣的話價格大約落在什麼區間呢？謝謝～Lenovo Thinkpad T490，螢幕：14”（1920*1080），,,台灣,論壇,DCARD,3C,2023/8/23,19:32:11,0,,0,2,0,0,0,0,0,正向,,
b448aed1-bb50-5234-9d5f-79bdcd42c1a8,https://www.dcard.tw/f/3c/p/253051941,2D繪圖筆電選擇題求解！,大家好~，之前的筆電服役了快10年，是時候讓它退休好好養老了！，新筆電需求主要是使用2D繪圖軟體（illustrator & photoshop）及一般文書。（或許還有一點點影音剪輯？），預算落在3萬,,台灣,論壇,DCARD,3C,2023/8/23,19:07:24,灰什麼灰,,0,0,1,0,0,0,0,中立,,
f6271e09-b5ec-5b8f-bb0d-9cab1feedf4f,https://www.dcard.tw/f/3c/p/253050938,#請益 第一次組電腦 主機板選擇,目前是大學生，最近在做專題，發現使用的筆電有些不夠力，想組一台桌機。預算：35-38k上下（不含windows系統），需求：1.寫程式， 目前會用到Python/ MATLAB/寫網頁/偶爾C，CPP,,台灣,論壇,DCARD,3C,2023/8/23,17:15:48,Euler,,0,2,0,0,0,0,0,中立,,
10a33ece-6ba8-5838-ad92-dc8a32a6253e,https://www.dcard.tw/f/3c/p/253050655,#請益 文書筆電推薦（附一位選手）,大家好，第一次在3C板發文，目前用過兩台筆電，都是使用家人淘汰下來的，最新這台目前已經到了必須更換的地步了（初估筆電年紀約8-10歲），連開個機都會等個長長久久的那種（按下開機鍵後去洗澡，回來才剛開好,,台灣,論壇,DCARD,3C,2023/8/23,16:47:00,睡到飽,,0,2,0,0,0,0,0,正向,,
d2c0e325-e38d-579f-9fbd-6a2642d34097,https://www.dcard.tw/f/3c/p/253049041,求問筆電,預算35000左右，資工系的，沒什麼玩遊戲的需求，之前的T570用了五六年跑虛擬機太卡所以想換。不打算買桌機，一臺筆電進進出出就好，大一點也沒差。主要目的是寫程式，可能以後會想學修圖，很偶爾才追劇看電,,台灣,論壇,DCARD,3C,2023/8/23,13:39:28,羽立,,0,5,0,0,0,0,0,負向,,
1b78629c-7c4b-59b2-9667-e2fc06512b5d,https://www.dcard.tw/f/3c/p/253047785,#請益 筆電選擇,我是大一的新生，想請問各位學長姐，遊戲系的筆電怎麼選，希望能夠順跑大部分的3D軟體 繪圖軟體 （Adobe那類的），還有Unity虛幻引擎 中低階遊戲等等，預算四五萬,,台灣,論壇,DCARD,3C,2023/8/23,11:00:54,龍華科技大學,,0,3,0,0,0,0,0,中立,,
04e6f6a9-bead-5f99-94b6-ebd9f0021d21,https://www.dcard.tw/f/3c/p/253047529,#問機 請問25k輕遊戲筆電 選這台ok嗎,我的需求，平常就是追劇.一般文書作業，玩的遊戲通常是原神或逆水寒這種手遊的或是steam，3A大作會用家裡的桌機玩，看了一個早上感覺這台價格很ok耶，不曉得有沒有什麼問題嗎？上面是12代i5+2k螢幕,,台灣,論壇,DCARD,3C,2023/8/23,10:21:47,Han,,0,8,0,0,0,0,0,中立,,
77c89829-120a-57fa-99a3-0fa350eb887c,https://www.dcard.tw/f/3c/p/253047411,#請益 輕度遊戲筆電選擇,本人大一新生，對於電腦不熟悉，平常就文書處理，假日偶爾打個遊戲（特戰、mc、lol），另外希望螢幕不要太差（喜歡追劇），以下是我找的兩台筆電，1.，優點：螢幕顏色、畫質都很好、又輕上了許多，缺點：打遊,,台灣,論壇,DCARD,3C,2023/8/23,10:03:24,國立中山大學,,0,6,0,0,0,0,0,正向,,
212f9dfa-0309-53dc-bb24-bd8c97221575,https://www.dcard.tw/f/3c/p/253046638,#問機 請問輕遊戲筆電這台ok嗎,我的需求主要是看劇.滑網頁跟一般文書用途，會玩的遊戲類似原神.逆水寒手遊之類的，3A大作我會回家用桌機玩，預算20k左右 剛看到這台好像優惠滿多的，Lenovo ThinkBook 15 Gen4 2,,台灣,論壇,DCARD,3C,2023/8/23,5:31:58,Han,,0,0,0,0,0,0,0,正向,,
f47270ed-f98e-5827-9d2f-a3b00e28fedb,https://www.dcard.tw/f/3c/p/253045810,筆電記憶體請益,想請問8gb ddr4 on board + 8gb ddr4的意思是有16GB 然後有8GB是焊在主機版上另外8GB是可以擴充的嗎？16G記憶體組合指的是16+16=32GB的意思嗎？另外我本身目前,,台灣,論壇,DCARD,3C,2023/8/23,1:16:39,義守大學,,0,2,1,0,0,0,0,中立,,
0835ff27-0916-5a78-9562-8298b2efbddc,https://www.dcard.tw/f/3c/p/253045742,筆電請益,家人想買一台筆電，我沒有到非常瞭解，所以上來問問大家有沒有比較好的選項，家人品牌偏好ASUS，預算4萬內，日常文書處理、用PS進行影像編輯，需求，尺寸：14～16吋，螢幕：沒有要求，處理器：13代i7,,台灣,論壇,DCARD,3C,2023/8/23,1:09:16,國立陽明交通大學,,0,5,0,0,0,0,0,正向,,
aae85fbd-0fa3-53bd-be71-62dee38a711d,https://www.dcard.tw/f/3c/p/253045227,#請益  我的照片不見了😭,最近我在使用筆電時用了手機傳輸照片，但發現不是我想要的照片時就在電腦刪除了，現在我發現我手機裡的照片也一起不見了。想請問各位有什麼辦法可以把照片找回來？（手機是蘋果、電腦是華碩，已經看過了手機相冊裡的,,台灣,論壇,DCARD,3C,2023/8/23,0:12:25,東吳大學,,0,1,0,0,0,0,0,中立,,
2684d1dd-2a05-562e-b96a-61cca259c2ca,https://www.dcard.tw/f/3c/p/253043188,#請益 筆電選擇,今年是準備剛上大一的新生，但對筆電這方面完全不熟悉，需求大概是文書處理+輕度遊戲，（大概只玩麥塊），續航與重量不拘，螢幕尺寸希望在15寸左右，預算落在25000~30000區間，想問問各位好心人有沒有,,台灣,論壇,DCARD,3C,2023/8/22,21:05:56,輔仁大學,,0,2,0,0,0,0,0,正向,,
a8155311-4cfc-59d0-b4aa-01110a0986bc,https://www.dcard.tw/f/3c/p/253040804,M.2 SSD硬碟會跟外接盒不相容嗎,小弟最近在蝦皮上買了pny的硬碟 因為筆電沒有額外的插槽所以用的是外接盒 但剛買來測試時就不能用送回公司修完還是一樣 再修一次的時候跟我說我的外接盒是不相容的 我的兩個外接盒接都沒辦法 換了電腦也沒辦,,台灣,論壇,DCARD,3C,2023/8/22,16:33:00,plpai,,0,0,0,0,0,0,0,負向,,
d39a3296-4103-51cb-a25e-38930ede8400,https://www.dcard.tw/f/3c/p/253039945,#問題 ASUS 路由器無法連線,大家好！狀況如下：我的筆電用網路線是可以連到宿舍網路的，但把網路線插到路由器的WAN Port之後，只有電源和2.4G指示燈會亮，廣域網路燈沒有反應（但路由器剛開機時後三個燈會同時亮！），也無法搜尋到,,台灣,論壇,DCARD,3C,2023/8/22,14:57:57,yld,,0,0,0,0,0,0,0,中立,,
e8f389ca-8256-598a-9a6a-d21680c213b7,https://www.dcard.tw/f/3c/p/253039647,大一新生筆電請益,升大一要買一台自己的筆電，上網查了各種資訊，雖然對規格之類的有一點點了解了還是不太能自己挑。之後也會去實體看，想先在版上問一下大家的建議，校系是醫療相關，沒什麼要跑程式的需求，預算：三萬以下，課內：文,,台灣,論壇,DCARD,3C,2023/8/22,14:23:07,中國醫藥大學,,0,3,0,0,0,0,0,中立,,
6ab85ad2-de69-5670-ab51-c6758c0a9483,https://www.dcard.tw/f/3c/p/253039219,還不知道怎麼挑選筆電嗎？！,本來就是筆電重度使用者的我，這次參加了Dcard和Intel® Evo™ 所舉辦的筆電實體活動，主要是想更加了解一些現況筆電的選擇要點，並和大家一起分享。先分享一下這是活動主軸是履歷升級計畫，不僅能從,,台灣,論壇,DCARD,3C,2023/8/22,13:30:32,Chi,,0,0,0,0,0,0,0,正向,,
36e8c181-4cd9-5af1-99da-995271afd539,https://www.dcard.tw/f/3c/p/253038717,該選有顯卡的筆電還是內顯就好?,準備要開學了，想買台筆電帶去學校做報告 偶爾假日打lol，因為已經有平板 所以想買台可以處理文書 順跑lol的，原本有在考慮swift3，但不太確定只有內顯的筆電跑得動lol嗎，還是我一定要買有顯卡的,,台灣,論壇,DCARD,3C,2023/8/22,12:30:02,銘傳大學,,0,0,0,0,0,0,0,正向,,
cbf4e1ed-860a-54c2-85ab-1f71f362db95,https://www.dcard.tw/f/3c/p/253038381,研究生購買筆電請益！,問題請教，lidworks，現在想添購一台筆電。對於這類筆電沒有概念，預算大概3-4萬左右，有可能嗎？麻煩各位大大推薦筆電給我，謝謝！,,台灣,論壇,DCARD,3C,2023/8/22,11:48:58,國立臺北科技大學,,0,0,0,0,0,0,0,負向,,
1b7d4502-b1d7-5377-ae7c-5221c963e0c9,https://www.dcard.tw/f/3c/p/253038316,#情報 買acer/predator指定商品送ow2捆綁包,最近入手neo16剛好搭上這波優惠，之前看只有送ram、延保一年跟登錄vip送清機的活動，現在有多送一個ow2的綑綁包 可以順便測試筆電的概念,,台灣,論壇,DCARD,3C,2023/8/22,11:38:10,逢甲大學,,0,0,0,0,0,0,0,中立,,
91e8d7b3-a78c-5efd-a377-445bd9638078,https://www.dcard.tw/f/3c/p/253038234,#請益 跑AI訓練 筆電挑選,最近因為工作， 想學習AI訓練繪圖及深度學習之類的功能. 目前使用MacBook pro M1 Pro 晶片， AI訓練時跑起來很吃力速度及效果都不好.，想請教有哪些比較頂規的筆電可以做選擇,,台灣,論壇,DCARD,3C,2023/8/22,11:26:12,Alien,,0,0,0,0,0,0,0,負向,,
36b4cbd2-cb75-550d-bfbf-0ba2be434888,https://www.dcard.tw/f/3c/p/253038076,大學筆電選擇,我是電子工程系 大一新生，預算在三萬以內，請問相關科系的學長姐推薦一下，適合電子系的筆電，家裡沒有太多的錢買筆電，但又怕買到性能不夠的筆電，之後要額外花錢，拜託大家幫忙 謝謝！,,台灣,論壇,DCARD,3C,2023/8/22,11:05:42,新生,,0,0,0,0,0,0,0,正向,,
97a207a8-30db-5984-9231-960cf3dbd6b6,https://www.dcard.tw/f/3c/p/253037099,想詢問3D繪圖的筆電推薦,想問一下各位大大，小妹我最近想買可以用來3D繪圖的筆電，網上寫說需要最少容量1T然後i7顯卡，其實我有點不太懂這些，所以想來詢問各位，有推薦的筆電嗎？是什麼牌子呢？價格又大概在多少？本人我還是個打工人,,台灣,論壇,DCARD,3C,2023/8/22,7:30:38,開南大學,,0,0,0,0,0,0,0,中立,,
878ab84d-8b81-5007-a2d6-5efa3a048210,https://www.dcard.tw/f/3c/p/253034465,更換筆電請益,請教各路大神 小弟目前筆電使用MSI GP73 8re，近期打算買新筆電，有在玩 Enlisted  WarThunder 偶爾也會玩單機遊戲例如巫師3 柏德之門等，效能方面希望大部分開中高能順跑，預,,台灣,論壇,DCARD,3C,2023/8/21,22:47:51,McGee,,0,0,0,0,0,0,0,正向,,
23a808a0-d0a6-5f22-bfe4-5757357794de,https://www.dcard.tw/f/3c/p/253031547,統計用筆電,大家好，如果研究所想跑Spss統計軟體，請問應該挑選什麼樣的cpu，因為不了解i5，i7在跑這類軟體的差異，想請大家幫忙解惑：（ㄧ）fujitsu UH-X fpc02586lk，處理器：i5-133,,台灣,論壇,DCARD,3C,2023/8/21,17:49:44,國立臺北大學,,0,0,0,0,0,0,0,中立,,
2317ede4-0de3-5f92-9ea1-5e0e748e587b,https://www.dcard.tw/f/3c/p/253030937,#請益 這幾台筆電售價差不多 該選哪台cp值最高😭,這陣子看筆電看到頭昏腦脹 選了4台求大家幫選，希望可以選到cp值最高的麻煩大家了！！，先說我的需求：需要帶出門、主要是打報告+看影片、不玩遊戲！，1、【MSI 微星】15.6吋i3商務筆電（Moder,,台灣,論壇,DCARD,3C,2023/8/21,16:38:44,國立暨南國際大學,,0,0,0,0,0,0,0,中立,,
834eca03-630c-571a-96db-f0b13d8bb4fb,https://www.dcard.tw/f/3c/p/253030840,請益 內顯lris Xe Graphics 96EU 會不夠力嗎？,最近想買新筆電，需求都是追劇、YouTube 、輕剪輯1080P，不打遊戲，這14寸而已 在家會外接螢幕，看上了這台，這內顯對於剪1080P影片夠力嗎？剪輯主要是樂器cover不會上太多特效，原本打算,,台灣,論壇,DCARD,3C,2023/8/21,16:27:49,龍華科技大學,,0,0,0,0,0,0,0,負向,,
f3c0344c-78ab-5084-bd64-b340274da8f8,https://www.dcard.tw/f/3c/p/253029888,tomtoc 筆電包請益,想請問有人買過這款時尚日記嗎，因為剛買Macbook air 15，目前看下來 很少牌子有做那麼大尺寸的包🥺，（大部分落在13～14吋的電腦包），然後想請問烙印問題，看留言寫只要包膜/裝殼就不會了，想,,台灣,論壇,DCARD,3C,2023/8/21,14:39:07,元智大學,,0,0,0,0,0,0,0,負向,,
28e7947a-c363-54c1-b481-e94e01ef685c,https://www.dcard.tw/f/3c/p/253028343,筆電電池更換問題,想問一下各位，這是原本的電池想更換電池的時候有看到同型號但是瓦數是11.1V=62wh，這樣更換的話會有問題嗎？,,台灣,論壇,DCARD,3C,2023/8/21,11:19:01,朝陽科技大學,,0,0,0,0,0,0,0,中立,,
4b090c1f-afe0-5b99-aeb8-60b0196ea445,https://www.dcard.tw/f/3c/p/253028155,筆電推薦，謝謝,各位早安，想送爸爸生日禮物，但看不懂筆電的相關配置，同事推了下面2台，請大神們給點建議或推薦3萬上下更好的選擇，需求：1.看股票，2.看影片聽音樂，3.玩FB的遊戲，4.看網路小說，下面有請選手出場，,,台灣,論壇,DCARD,3C,2023/8/21,10:51:58,想當一隻喵🐈,,0,0,0,0,0,0,0,正向,,
da2d8bd7-63f9-5f2e-ab1d-bc5ec608722b,https://www.dcard.tw/f/3c/p/253027395,筆電選購請益！,各位前輩大家早安！，小弟最近想添購一台筆電，需求如下：1丶預算 5 萬內，2丶無遊戲需求，3丶螢幕不用太大，4丶常用軟體：Photoshop 丶IIIustrator 丶威力導演，5丶品牌不限，6丶獨,,台灣,論壇,DCARD,3C,2023/8/21,8:24:46,俊豪,,0,0,0,0,0,0,0,中立,,
b5737f1c-3390-564a-a02a-f96b28ce9ff4,https://www.dcard.tw/f/3c/p/253026750,筆電請益,因為最近需要用到筆電，但實在不知道怎麼選，希望可以推薦幾款做參考！，需求的話是作報告和看影音之類的，遊戲會玩原神，不要求畫質，只要順跑就好，價格的話希望25000以內，如果沒辦法的話30000以內小爆,,台灣,論壇,DCARD,3C,2023/8/21,2:44:25,哈哈哈哈哈哈哈哈,,0,0,0,0,0,0,0,正向,,
195b56f8-495f-52f9-bf12-856f478bfbd7,https://www.dcard.tw/f/3c/p/253026270,#請益 30k以下筆電選擇（內有選手）,選手1，有獨顯！有免費加裝8G RAM，選手2，指紋感應滿方便的、電池贏了、比較便宜、這個內顯好像只能拿來打lol？需求，1.偶爾想玩steam的遊戲，所以才會考慮買到有獨顯的選手1。但因為還是有攜帶,,台灣,論壇,DCARD,3C,2023/8/21,1:22:19,hhyd8rsp7,,0,0,0,0,0,0,0,正向,,
3ccb0001-2c6a-5254-9eaf-c58a8078349d,https://www.dcard.tw/f/3c/p/253025618,筆電用行充,#問題，最近剛入手一台57wh的電競筆電，發現他在不插電的情況下寫程式、播影片一小時就掉50%電了，為了避免之後會遇到外出沒電的情況，我打算買一個行充給筆電用，想聽聽你們有什麼建議,,台灣,論壇,DCARD,3C,2023/8/21,0:03:21,元智大學,,0,0,0,0,0,0,0,中立,,
7c5610b8-cd7f-5952-8099-843432ff2fad,https://www.dcard.tw/f/3c/p/253025317,#請益 筆電推薦哪一台,各位早安，最近想換新電腦，原先的電腦已經苟延殘喘了六年最近看了很多筆電，選了下面3台，請大神們跟點建議，原來的筆電是asus，大概在第三年邁入第四年的時候有壞過，但主要原因是我長期都不關機導致，用途：,,台灣,論壇,DCARD,3C,2023/8/20,23:31:42,我要畢業,,0,1,0,0,0,0,0,中立,,
a24d0902-1fa1-5ab0-95c7-558a07f68bb0,https://www.dcard.tw/f/3c/p/253023777,#求救 藍芽滑鼠連不上,如題，我使用的是e-books M58的滑鼠，長這樣，昨天還好好的結果今天突然就連不了，從筆電端把裝置刪掉打算重連也搜尋不到🫠，想請問這個情況有人有辦法嗎？筆電是acer的，已經試過重開好多次藍芽跟電,,台灣,論壇,DCARD,3C,2023/8/20,21:02:29,中國醫藥大學,,0,0,0,0,0,0,0,中立,,
53cb3652-db3a-53c7-8329-5d9209c5c0e3,https://www.dcard.tw/f/3c/p/253023558,筆電二選一🙏,我是今年升大一的新生，想請問各位學長姐比較推薦哪一台？我是企管系，平常就是簡單的文書處理和追劇之類的，想要挑選比較耐用，續航比較好的。有詢問過資工系的老師，說是acer那台的CPU比較新，RAM也比較,,台灣,論壇,DCARD,3C,2023/8/20,20:35:55,Ange,,0,0,0,0,0,0,0,正向,,
570be7ab-3449-53ab-be9a-3ac914d189b4,https://www.dcard.tw/f/3c/p/253023082,#請益 筆電選擇,．預算範圍：45K內，．用途：個人用文書處理用、上網（一次開多個分頁）、影音觀看，．常用軟體：office三件套，．攜帶頻率：低，．螢幕尺寸：15吋以上（希望有獨立數字鍵盤），．偏好規格：記憶體至少1,,台灣,論壇,DCARD,3C,2023/8/20,19:40:10,輔仁大學,,0,0,0,0,0,0,0,正向,,
3d4d3344-6c81-58ae-9505-cc8984056b94,https://www.dcard.tw/f/3c/p/253022036,#請益 筆電請益,目前選手，TUF Gaming A15 FA507XI，ROG Strix G17 G713PV，ROG Strix G16 G614JV，我現在是這三台在選，主要外出使用 不玩遊戲 偶爾Pr，還有掛,,台灣,論壇,DCARD,3C,2023/8/20,17:22:25,國立臺北大學,,0,0,0,0,0,0,0,中立,,
4b012c19-3ff3-5f16-8669-74949935a50b,https://www.dcard.tw/f/3c/p/253021694,筆電充電時變壓器有聲音,最近我用了一年沒用的筆電，幫他充電的時候，變壓器出現了異聲，我記得我之前是不會有聲音的，而且筆電的下面摸起來也熱熱的，是不是太久沒用要去給維修店家看一下,,台灣,論壇,DCARD,3C,2023/8/20,16:37:38,朝陽科技大學,,0,0,0,0,0,0,0,負向,,
d32f041e-642b-5aa3-aa6a-6530fb6a1b5c,https://www.dcard.tw/f/3c/p/253021389,想找輕薄型電競筆電,主要是拿來打LOL跟楓之谷，可能後面會拿來剪輯跟直播用，預算3~4萬 有推薦的嗎，上網看都都很厚重 本身用的這台也已經很破舊了,,台灣,論壇,DCARD,3C,2023/8/20,15:55:45,中國科技大學,,0,0,0,0,0,0,0,負向,,
a6d6dd78-7a05-5f43-b711-9ec83b6d55e8,https://www.dcard.tw/f/3c/p/253020934,產品設計學系筆電請益,#請益，目前大學錄取產品設計學系，自己平常也喜歡用Blender做一些模型並且渲染出來，也會玩玩遊戲但不算重度使用者，螢幕不需要高更新率。請問在預算三萬到四萬左右有推薦的筆電嗎？今天去三創大致上是考慮,,台灣,論壇,DCARD,3C,2023/8/20,14:56:37,min u,,0,0,0,0,0,0,0,正向,,
c2fb51fb-92cb-5719-bdbb-20e4b9668fc4,https://www.dcard.tw/f/3c/p/253019895,請益）跪求文書筆電推薦,最近想換windows系統的筆電，平常主要做文書處理、商務簡報、簡易數據分析（excel&SQL），工作跟上課經常需要開十個chrome分頁同步運作。預算：3萬左右，CPU：16gb，SSD：512g,,台灣,論壇,DCARD,3C,2023/8/20,12:43:18,國立交通大學,,0,0,0,0,0,0,0,正向,,
b8b54fa0-7a01-59b2-b500-02386720d2e1,https://www.dcard.tw/f/3c/p/253019617,大一買筆電請益（內有選手）,預算： 3萬五上下，課內： 做報告、寫程式（C、verilog），課外： 追劇，品牌： ASUS，尺寸： 15.6吋，沒有遊戲需求、一次會開很多分頁，選手一：【ASUS 華碩】特仕版 15.6吋電競筆,,台灣,論壇,DCARD,3C,2023/8/20,12:03:01,國立中正大學,,0,0,0,0,0,0,0,中立,,
c1dbefea-c41e-5122-9dca-9fc3155304be,https://www.dcard.tw/f/3c/p/253018572,#問題 ASUS ROG筆電轉軸斷掉，維修價格詢問,請問有經驗的前輩們，之前維修ASUS的轉軸價格，大概落在多少，還有是在皇家原廠維修的，還是其他地方維修，是否要等很久？拜託各位了，我的筆電轉軸之前就有些鬆動，結果昨天受外力影響，左邊轉軸脫離，看結構感,,台灣,論壇,DCARD,3C,2023/8/20,7:28:55,台南應用科技大學,,0,0,0,0,0,0,0,中立,,
befd1e3f-61d2-590e-8709-d4e7fffdcf06,https://www.dcard.tw/f/3c/p/253016189,#請益 技嘉aorus 和 acre nitro5選哪,電競筆電選了好久 剩這兩台，兩台給的都一樣的情況下，價格也沒差到真的很多，要選哪一台，覺得技嘉稍微比較輕一點，但acre有數字鍵 廠牌也比較大，所以有點難抉擇,,台灣,論壇,DCARD,3C,2023/8/19,22:54:38,國立成功大學,,0,0,0,0,0,0,0,正向,,
b59a57ab-5d6d-50ee-b7d0-e9cf548de2a1,https://www.dcard.tw/f/3c/p/253014822,詢問筆電 視訊鏡頭在鍵盤那邊的,#請益 想詢問台灣目前有哪款筆電是鏡頭在鍵盤不是在上方的型號呢？（如圖）,,台灣,論壇,DCARD,3C,2023/8/19,20:16:33,國立暨南國際大學,,0,2,0,0,0,0,0,負向,,
18e54301-d704-5930-925c-57d61a7d2037,https://www.dcard.tw/f/3c/p/253014639,HP筆電 Wi-Fi問題,下午看影片都正常使用，突然變這樣？要怎麼辦,,台灣,論壇,DCARD,3C,2023/8/19,19:48:53,說好不哭,,0,1,0,0,0,0,0,中立,,
87e63661-c80a-5197-a6a2-8cb5a2d49e92,https://www.dcard.tw/f/3c/p/253014400,想請問二手筆電或桌電在哪買會比較好（桃園地區或臺北地區）,#問題,,台灣,論壇,DCARD,3C,2023/8/19,19:16:08,我家的貓咪會後空翻,,0,0,0,0,0,0,0,中立,,
1403c4c5-a587-5dfd-9764-3842bad0169a,https://www.dcard.tw/f/3c/p/253014235,筆電,筆電的使用：1.做報告，2.找資料（可能一次開10幾個分頁左右），3.偶爾追劇或看影片，可能偶爾剪影片（頻率大概半年0～1次），不會打遊戲，筆電的要求：16GB（或8GB可擴大的也可以）/512GB，,,台灣,論壇,DCARD,3C,2023/8/19,18:54:18,.s.,,0,0,0,0,0,0,0,中立,,
c6a8c0d9-532c-5e8b-bffb-1c29ebf73273,https://www.dcard.tw/f/3c/p/253013881,#請益 XM5連筆電無法輸出聲音,就是 筆電會顯示已連線，也可以用XM5的觸控板去控制音樂暫停跟播放，但是無法選擇XM5作為音訊輸出，音效輸出只有螢幕跟筆電自帶的喇叭，然後有進去裝置管理員的音訊設定看，在連線上的時候沒有XM5，但斷線,,台灣,論壇,DCARD,3C,2023/8/19,18:02:47,國立陽明交通大學,,0,0,0,0,0,0,0,中立,,
6e8b27ed-8f88-5b3b-8cea-2cd34586372b,https://www.dcard.tw/f/3c/p/253013561,租屋wifi機不穩,最近剛搬家，手機遠傳網路幾乎沒訊號，房內有提供一台wifi路由器和有線網路孔，手機接wifi是滿格但是超級不穩（路由器只有我一個人連）遊戲也跑不動，設定1-13頻道也沒有用，但把有線網路孔給筆電接再開,,台灣,論壇,DCARD,3C,2023/8/19,17:16:59,東海大學,,0,0,0,0,0,0,0,負向,,
5b37e09d-4002-582a-b7c9-7c353a5d77dd,https://www.dcard.tw/f/3c/p/253013391,#請益 三星watch6和保險,今年換新工作需要偶爾出差，本身公司配的筆電較重，攜帶上覺得很負擔，用手機處理事情又覺得螢幕太小（手機是s23）。本身沒用過平板，最近看到s9平板很心動，有去智慧館用用看滿順暢的還不錯，如果是三星用戶的,,台灣,論壇,DCARD,3C,2023/8/19,16:53:24,南華大學,,0,0,0,0,0,0,0,正向,,
817019d2-f800-5513-a943-66589205b181,https://www.dcard.tw/f/3c/p/253012901,投影機接筆電的問題,如題 下週有個重要會議，需要跟對方借場地，對方跟我說他們的投影機的孔是HDTV線，然後說 我們筆電可能要自備轉接線什麼的，想請問一下 如果筆電是用HDMI或VGA的線，能夠接得上他所謂的HDTV孔嗎,,台灣,論壇,DCARD,3C,2023/8/19,15:50:58,國立中興大學,,0,0,0,0,0,0,0,中立,,
eeb346b5-0af4-5c79-b3b7-84a1f76d4877,https://www.dcard.tw/f/3c/p/253012846,#請益 筆電推薦,最近有在自學部分設計軟體，原本的電腦是已經用了6年的ASUS基礎文書處理機，跑軟體會很卡，所以想換台新的。㈠基本需求，⒈處理器，Intel Core i7  （至少是i5），＊第12代（含）以上，AM,,台灣,論壇,DCARD,3C,2023/8/19,15:44:46,國立虎尾科技大學,,0,0,0,0,0,0,0,中立,,
0c4be216-da63-5949-870a-6a7f241dbb36,https://www.dcard.tw/f/3c/p/253012837,#請益 筆電選擇,RT，第一次發文，如有錯誤麻煩告知，因為要上大學所以需要買個筆電，花了一些時間找相關資料，但對於一些規格和品牌不是很了解，所以想問哪台比較推薦，需求：1.預算約為35k，2.中重度遊戲 如：艾爾登、2,,台灣,論壇,DCARD,3C,2023/8/19,15:43:51,Anye,,0,0,0,0,0,0,0,負向,,
a04be58e-4d2d-5e21-b92d-f10ad77de748,https://www.dcard.tw/f/3c/p/253012248,筆電推薦(附選手)#請益,大家好～最近自己使用的五年多的筆電asus的vivobook，筆電螢幕和鍵盤的連接處斷掉了，於是想買一台新的～以下是使用需求：1.基本文書處理，2.觀看影片電影追劇、線上課程，3.會使用影像編輯軟體A,,台灣,論壇,DCARD,3C,2023/8/19,14:23:06,國立臺南大學,,0,0,0,0,0,0,0,中立,,
26366e45-1f6c-5e64-95c3-047ae4d6b1ce,https://www.dcard.tw/f/3c/p/253012044,筆電進水維修#請益,之前不小心把飲料打翻在筆電上，因為還在保固期內，送原廠後報價是原價的7成，所以打算拿去光華商場或是其他地方送修，想請問大家有推薦在台北哪間店比較便宜，還有在維修時有什麼要注意的事情，有上網稍微看過許多,,台灣,論壇,DCARD,3C,2023/8/19,13:54:08,臺北醫學大學,,0,0,0,0,0,0,0,正向,,
48d1b9cf-8c89-5bea-aeb0-77c16ca9ce23,https://www.dcard.tw/f/3c/p/253011813,筆電選擇,#請益,,台灣,論壇,DCARD,3C,2023/8/19,13:24:29,,,0,0,0,0,0,0,0,中立,,
f479cde0-8a02-560a-a2da-d682e7b343a8,https://www.dcard.tw/f/3c/p/253011610,MacBook 和桌機請益,最近我的macbook儲存空間和記憶體越來越不夠用，就有在考慮組一台桌機來搭配使用。想要請問Macbook 這樣的情況還有辦法救嗎，家人一直叫我想好有筆電還有沒有一定要桌機的需求和Macbook 能不,,台灣,論壇,DCARD,3C,2023/8/19,12:55:08,國立清華大學,,0,4,0,0,0,0,0,正向,,
142160c0-d8fc-516e-9e2b-d5f159e463bb,https://www.dcard.tw/f/3c/p/253011516,Lenovo筆電更新後無法開啟Word,#問題，今天不小心按到硬體更新後，Word等應用程式全部變成白白的，完全無法打開Word，非常困擾中，請問有人知道發生什麼事了嗎？🥲🥲🥲,,台灣,論壇,DCARD,3C,2023/8/19,12:41:18,Danke,,0,0,0,0,0,0,0,中立,,
c474c44c-ad0c-5cff-ab7f-931cad8bf5a6,https://www.dcard.tw/f/3c/p/253009277,二手筆電推薦（預算2萬元上下）,小弟我是讀機械工程系 因為課程需要需畫SOLIDWORKS 和 Autocad 我的文書筆電跑到快當機 整個感覺要燒起來了，身為一位窮學生，沒有那麼多的預算 所以就想要買一台二手的繪圖筆電（電競筆電）,,台灣,論壇,DCARD,3C,2023/8/19,1:36:46,笑死,,0,3,0,0,0,0,0,中立,,
df3c3f32-1091-5917-a730-cf82a1670947,https://www.dcard.tw/f/3c/p/253009117,大一新生購買筆電請益，內有選手,本人是電機系大一新生，筆電主要用途就是處理課業內容、瀏覽網頁、看影片，遊戲可能輕度吧（不用也沒關係），我最考量的點是要先攜帶方便、續航時間長，預算2w上下，偏好黑色以外的顏色（尤其淺色系，ssd至少5,,台灣,論壇,DCARD,3C,2023/8/19,1:13:44,逸云,,0,4,0,0,0,0,0,中立,,
85192669-97f0-58f9-8b61-c33f61230c98,https://www.dcard.tw/f/3c/p/253009039,請問筆電推薦,要上大學了，想買筆電，小的是讀應用化學系的，不知道有沒有推薦的筆電？科系：應用化學系，課內用途：打報告（我不清楚應化會不會用到什麼要求高的程式，如果有相關科系的學長姐還請分享，謝謝），課外用途：追劇、,,台灣,論壇,DCARD,3C,2023/8/19,1:05:19,茶葉蛋幾欸,,0,3,0,0,0,0,0,中立,,
38c30da9-e7ea-516a-b738-55f90e1162d2,https://www.dcard.tw/f/3c/p/253009030,筆電遊戲幀數不穩求助！！ಥ‿ಥ,小的我近日購入了一台sword 15 a12ve-093tw筆電，本來用的都好好的的但是最近打特戰的時候嚴重掉幀，本來我都說服自己是遊戲的問題畢竟朋友也有發生過，但是當我轉戰pubg時發現事情並沒有這,,台灣,論壇,DCARD,3C,2023/8/19,1:03:21,台大筋膜科主治黃春嬌醫生,,0,3,0,0,0,0,0,中立,,
7be303df-3d68-56eb-8d64-349272e00fe2,https://www.dcard.tw/f/3c/p/253008496,請教筆電音效問題,已送原廠維修2、3次，換過喇叭、主機板仍無改善，原廠表示找不出問題點能換的都換了（準確說是他們用燒機程式弄不出我的故障狀態...）。目前又送去給附近的維修店檢查，在檢查期間順便問問網上是否有人也遇過這,,台灣,論壇,DCARD,3C,2023/8/19,0:07:35,晟灝,,0,0,0,0,0,0,0,負向,,
2e5b67b8-3e81-5ff3-bcf5-efa5b665c076,https://www.dcard.tw/f/3c/p/253008411,Re: 筆電選擇  內有選手,,,台灣,論壇,DCARD,3C,2023/8/18,23:59:28,國立成功大學,,0,0,0,0,0,0,0,中立,,
ed88e300-1c00-5705-bbca-0f2bb1d14dec,https://www.dcard.tw/f/3c/p/253007486,#請益 筆電挑選 內有選手,主要使用功能：文書作業、追劇、做教材，不打遊戲，偶爾會搶票，基本上只要速度不要慢到讓人受不了就好，沒有太多要求，預算：25000內，看了很多實在是看不太懂，跪求賜教，選手1：ASUS VivoBook,,台灣,論壇,DCARD,3C,2023/8/18,22:31:03,國立彰化師範大學,,0,3,0,0,0,0,0,負向,,
6cf25d1e-4192-566a-90f3-a9886324f51d,https://www.dcard.tw/f/3c/p/253007424,數字鍵打不出來,我使用的筆電是2017 acer swift3，想請問藍色的數字怎麼打出來？？我自己按了fn+數字都一樣打不出來……,,台灣,論壇,DCARD,3C,2023/8/18,22:25:24,國立成功大學,,0,0,0,0,0,0,0,負向,,
bd2c269b-81b3-5392-b47b-3b799126aba9,https://www.dcard.tw/f/3c/p/253005084,筆電電池衰退的問題,想請問各位的經驗，哪一個筆電的廠牌電池衰退情況比較不嚴重？覺得自己文書使用居多，所以性能不需要太好，而通常會換3c產品（手機、平板、藍牙喇叭等等）也都是因為電池不行了才換。所以結論就是，對我來說，電池,,台灣,論壇,DCARD,3C,2023/8/18,18:06:32,東吳大學,,0,0,0,0,0,0,0,中立,,
dbb6096a-2406-5562-8f39-444e077c8df4,https://www.dcard.tw/f/3c/p/253003406,想詢問桃園硬碟資料轉移店家推薦,最近筆電512G硬碟資料滿了，買條kc3000 1T的硬碟想做更換，原本想說直接加裝就好，但發現筆電沒有2280的擴充槽，只能直接換硬碟了，想問問桃園有沒有推薦的店家可以做硬碟資料轉移跟安裝，先謝謝各,,台灣,論壇,DCARD,3C,2023/8/18,14:59:22,元培醫事科技大學,,0,3,0,0,0,0,0,正向,,
0c290ddd-7b6e-51d8-9300-234c1bb0a222,https://www.dcard.tw/f/3c/p/253003365,#請益 大學筆電推薦,需求是：打報告、追劇、玩一些遊戲，希望續航好一點 不要容易沒電，最近有看上這一台 但爬文後沒看到什麼心得><，對筆電也沒什麼概念 所以上來問一下大家，想請問這台推薦嗎！如果有推薦其他的也很歡迎！，預算,,台灣,論壇,DCARD,3C,2023/8/18,14:53:35,claire,,0,2,0,0,0,0,0,中立,,
70691d1f-7992-5218-b069-7d727c559734,https://www.dcard.tw/f/3c/p/253002786,Acer會有開學下殺的活動嗎?,在開學前想買台筆電，最近在觀望swift go14，因為我預算只有捏3萬（已經很緊繃了QQ，但這台真的超出我的預算，想問acer會有像apple那種bts的學生特惠活動嗎？因為我查關鍵字只有看到ace,,台灣,論壇,DCARD,3C,2023/8/18,13:44:13,國立臺灣大學,,0,0,0,0,0,0,0,中立,,
d8429b84-c53b-505c-8e16-700d462e2023,https://www.dcard.tw/f/3c/p/253002563,要選翻轉筆電還是2in1平板筆電,最近想買筆電，因為上班需要按數字 平時不習慣按上排數字鍵，*需求數字鍵（虛擬可以 實體更好），*網頁會同時開很多至少要16g/512g才跑得動，*希望有pd 快充沒有也沒關係，*14寸～15寸，*最低,,台灣,論壇,DCARD,3C,2023/8/18,13:15:10,中國科技大學,,0,0,0,0,0,0,0,正向,,
29ed88b8-cddb-5845-b533-cec83f43eb51,https://www.dcard.tw/f/3c/p/253002231,玩遊戲推薦筆電（以下選項建議哪台）,平常會打打apex和做報告，推薦哪台玩遊戲能不卡和電量能久一點,,台灣,論壇,DCARD,3C,2023/8/18,12:32:23,國立高雄大學,,0,2,0,0,0,0,0,中立,,
96d13ddc-f8c8-5951-a34b-7cc3be9beb2d,https://www.dcard.tw/f/3c/p/253002166,本人大一新生 想買一台筆電,基本上應該都是拿來查資料、做報告 有時候可能看影片 反正不會打遊戲。之前除了一台手機以外沒有購買3c的經驗 看了一些推薦文也還是不太了解 想問問有沒有推薦cp值高、好用的筆電？,,台灣,論壇,DCARD,3C,2023/8/18,12:25:33,國立東華大學,,0,3,0,0,0,0,0,負向,,
30f1982f-6217-5ae9-a93e-3f1f5da23556,https://www.dcard.tw/f/3c/p/253002141,室內設計筆電選擇,想請問大家，之後要讀室內設計請問哪種品牌或是至少要哪種規格以上的筆電才跑的動軟體～謝謝,,台灣,論壇,DCARD,3C,2023/8/18,12:21:44,輔仁大學,,0,2,0,0,0,0,0,中立,,
076f9279-85f6-5fc8-b9c7-3d34683a5ee5,https://www.dcard.tw/f/3c/p/253002067,#請益 找電腦店加裝SSD,筆電存儲不夠用，想去找電腦維修的店加裝SSD，請教各位我這種規格是不是只能加到512GB的SSD。如果能加的話，是自己買了SSD再請人裝好還是不買，連SSD的費用一起加進去好（我真的電腦小白不會自己裝,,台灣,論壇,DCARD,3C,2023/8/18,12:13:54,懶得跑圖,,0,5,0,0,0,0,0,負向,,
f32444c7-0aea-5c4a-a907-066dd87768b5,https://www.dcard.tw/f/3c/p/252999831,無線耳罩式耳機推薦,目前只有用過PS5 pulse 的耳機，連線筆電雖然穩定，但長時間待久耳朵會有點悶。加上沒有辦法無線連接手機，抗噪方面也差強人意。所以希望找到更適合的類型。預算大概3000-7000。必要功能：戴2-,,台灣,論壇,DCARD,3C,2023/8/18,1:41:04,丟丟,,0,0,0,0,0,0,0,正向,,
e8f28eac-c8f1-5dd1-97f1-f0fa896eec72,https://www.dcard.tw/f/3c/p/252999748,#請益 #內有選手 35K以下筆電挑選,各位大大安安！先謝謝各位的幫忙ㄌ！，我是要升大四的學生，大部分時間使用筆電處理一切需求。我使用筆電的方式還算健康，上一台筆電是 MSI CX62 7QL 沒升級用了六到七年，最近越來越當，也是時候讓它,,台灣,論壇,DCARD,3C,2023/8/18,1:28:15,國立高雄大學,,0,0,0,0,0,0,0,正向,,
86aece69-1fab-5b2a-961f-96ab7cb447cd,https://www.dcard.tw/f/3c/p/252999409,筆電螢幕突然變這樣 求解,今天突然想玩鬥陣，就下載來玩，玩到一半螢幕突然變這樣，強制關機後重開也還是一樣，感覺電腦有在運作但不知道為什麼螢幕突然變這樣⋯，筆電型號是ROG Strix SCAR 17，才買一年而已，平常就打打遊,,台灣,論壇,DCARD,3C,2023/8/18,0:42:47,Lee,,0,0,0,0,0,0,0,正向,,
bee0eec6-a1c9-5ee8-b91d-73cc0271749d,https://www.dcard.tw/f/3c/p/252998989,#請益 上課用筆電選擇 有選手,小的快開學了 需要一台筆電，雖然爬過文但還是看不太懂🥹，需求：文組做報告、追劇、玩遊戲（只會玩LOL、steam的小遊戲） 希望重量不要太重、續航力不要太差，預算：25k~30k，選手1：選手2：選手,,台灣,論壇,DCARD,3C,2023/8/17,23:59:07,龍華科技大學,,0,0,0,0,0,0,0,負向,,
a25da23a-ce39-5ff3-9b3d-a2782f3e7f61,https://www.dcard.tw/f/3c/p/252998809,好困擾,一直有注意到一件事，當我用手機分享網路給筆電，然後這時手機如果打電話接電話，行動無線基地台就會自己關閉，筆電就沒網了...，版上有專業人士了解這要怎麼辦嗎,,台灣,論壇,DCARD,3C,2023/8/17,23:42:49,龍華科技大學,,0,0,0,0,0,0,0,正向,,
a1f40622-b757-546a-a155-000ed182ea15,https://www.dcard.tw/f/3c/p/252998756,蘋果筆電選擇請益,本身不打遊戲，買電腦大概會用在做報告 文書處理方面，想請問大家建議哪一台好，-，今天去燦坤問店員他說依照我的需求不用買到pro，如果在不考慮pro的情況下會建議買13還15寸，13寸感覺比較方便攜帶，,,台灣,論壇,DCARD,3C,2023/8/17,23:37:27,中山醫學大學,,0,0,0,0,0,0,0,中立,,
4e583b99-d412-5f06-8b06-0273da498c7d,https://www.dcard.tw/f/3c/p/252997763,大學筆電選擇,大一新生想選筆電，遊戲大概是特戰跟2k23，然後大學科系會需要編輯影片，考慮以上兩點，想問問這台筆電如何，【Acer 宏碁】17.3吋i7 13代 RTX4050電競筆電（Nitro 17/i7-13,,台灣,論壇,DCARD,3C,2023/8/17,21:58:38,煞氣的炸彈,,0,0,0,0,0,0,0,中立,,
79681c8b-98bf-53dd-8d27-6f1e94b20cae,https://www.dcard.tw/f/3c/p/252997511,筆電推薦請益（有選手！）,屬於3C超級新手，看不懂筆電的相關配置這些，所以去網路上看相關影片，而這些筆電是推薦給跟我需求差不多的人，想問問哪一台比較適合呢，需求：1. 打報告 一般文書處理，2. 看影片、追劇等等，3. 偶爾會,,台灣,論壇,DCARD,3C,2023/8/17,21:34:31,我不吃早餐,,0,2,0,0,0,0,0,正向,,
d8eaf600-e682-5177-9edf-e56a1ba7317e,https://www.dcard.tw/f/3c/p/252995740,hp筆電適用的觸控筆請益,請益,,台灣,論壇,DCARD,3C,2023/8/17,18:26:36,輔仁大學,,0,0,0,0,0,0,0,中立,,
744e57aa-7160-5818-b26d-3ed61ca6714d,https://www.dcard.tw/f/3c/p/252994024,筆電請益,因為要開學了，之前的筆電不符合之後的需求，所以想問問，預算3萬5左右（可以超出一點）以下是需求，1.科系需要剪輯（pr），2.重度遊戲玩家（順跑apex為主，希望顯卡能40系列），3.螢幕144hz，,,台灣,論壇,DCARD,3C,2023/8/17,15:23:17,朝陽科技大學,,0,0,0,0,0,0,0,中立,,
4d20cb8a-98d9-506b-ab19-927805d04a2f,https://www.dcard.tw/f/3c/p/252991776,#請益 30K筆電選購,大家好！，預算：3萬以內（頂多3萬5），需求：1. 文書處理（office ），2. 會開很多網站分頁，3. 看影片（YouTube Netflix 等）、不玩遊戲，4. 方便攜帶，5. 儲存空間大，,,台灣,論壇,DCARD,3C,2023/8/17,10:36:37,國立臺灣海洋大學,,0,0,0,0,0,0,0,中立,,
8a6265dc-a2ce-5dd6-b0f4-08e714db9adf,https://www.dcard.tw/f/3c/p/252991272,#請益 20k內文書筆電,各位大大好想請問日常文書使用，偶爾玩楓之谷可以挑這台嗎？還是有其他推薦的機型呢感謝,,台灣,論壇,DCARD,3C,2023/8/17,9:01:17,國立臺東大學,,0,0,0,0,0,0,0,正向,,
59b40257-1b10-59d6-ac97-f45064166e1d,https://www.dcard.tw/f/3c/p/252990464,#問題：買新不買舊的概念？,其實一直很好奇，在買手機筆電之類的3C產品的時候，很多人都會說買新不買舊，而且把這個當成是預設的基本概念，但我一直很好奇為什麼，如果舊的就已經可以滿足我的需求，而且還比較便宜，就算他是比較舊的機種，馬,,台灣,論壇,DCARD,3C,2023/8/17,2:35:06,國立政治大學,,0,1,0,0,0,0,0,正向,,
30bd4467-2118-5aa4-9a36-0457e50fafa7,https://www.dcard.tw/f/3c/p/252988315,請問該選哪一台筆電,#請益，小弟不會需要玩遊戲但想了解能接受哪些遊戲的性能 因為會跑一些做3D的東西，會需要打程式C++ Java MVC python 資管類的東西，想要很輕 可以拿著到處跑 電池不會消耗很快的，請問下,,台灣,論壇,DCARD,3C,2023/8/16,22:18:52,元智大學,,0,1,0,0,0,0,0,中立,,
7f41eb69-647e-5a8a-ab51-f2134d389bf1,https://www.dcard.tw/f/3c/p/252987311,筆電請益🙏🏻,分科剛錄取成大經濟，想請問經濟系會需要什麼特別的軟體嗎，若要重買筆電跟windows比較推薦哪一種，看了板上比較少談到經濟系所以想說自己問一下，謝謝,,台灣,論壇,DCARD,3C,2023/8/16,20:44:12,國立成功大學,,0,1,0,0,0,0,0,中立,,
a764726c-a5cc-52d5-ac38-9ff5e9069486,https://www.dcard.tw/f/3c/p/252986563,#請益 筆電挑選,因為目前的筆電已經用了很久，時常卡頓，最近在思考要換新的筆電了。不過預算不太高，大概一萬五上下，主要使用就是一般文書，然後用網頁居多，最常使用notion，偶爾會用YouTube 、Netflix看影,,台灣,論壇,DCARD,3C,2023/8/16,19:17:09,世新大學,,0,0,0,0,0,0,0,中立,,
ba1fdd9a-8cd6-5c9c-bd3a-09614abfcfd1,https://www.dcard.tw/f/3c/p/252986007,#問題  筆電一閃一閃,我的筆電是ASUS X415 （使用了一年左右），這幾天在玩遊戲當中，都會一閃一閃，第一次是在充電中閃的，沒有充電時，玩到一半也會自己閃起來。第一次碰過這個情形‍，我重新開機就會停止閃爍，不然會一直閃。,,台灣,論壇,DCARD,3C,2023/8/16,18:08:11,蘭雅,,0,0,0,0,0,0,0,正向,,
9e66f1c3-3b7a-5a1d-9863-711dd7afe451,https://www.dcard.tw/f/3c/p/252985193,筆電看影片螢幕閃爍,想請問各位，我在看yt時螢幕大約五分鐘會閃爍一次，這是什麼問題呢？筆電是RTX4060滿血獨顯12代i5，ACER Nitro5 AN515-58-5427 15.6吋電競筆電，i5-12500H ∥,,台灣,論壇,DCARD,3C,2023/8/16,16:34:46,卡稱為什麼那麼難想,,0,0,0,0,0,0,0,中立,,
7c2c5414-5feb-55ea-9c62-8323b75c4278,https://www.dcard.tw/f/3c/p/252983765,工作用筆電挑選,小弟最近在尋找一台工作用筆電，主要就是用VS來寫網頁跟api，平時就追追劇跟修修圖，雖然預算抓在30k左右，但希望能有OLED螢幕（長時間打code要保養一下眼睛 QQ），目前看上的有三台，選手一號：,,台灣,論壇,DCARD,3C,2023/8/16,13:58:09,國立臺灣大學,,0,0,0,0,0,0,0,中立,,
bdb9d144-f1f4-5690-b24b-c25d6972d3c3,https://www.dcard.tw/f/3c/p/252983476,行走的時尚！超輕薄就像手拿名牌包，#開箱 Intel® Evo™ 認證LG gram Style14”輕贏隨型OLED極致輕薄筆電，讓Y2K世代的你活出自我風格,「忙碌生活裡，不放棄活得質感的權利，擁有一台時尚筆電，讓Y2K世代的你活出自己的風格時尚。」——，這篇文，想用質感為主軸，分享一台能凸顯個人美感的筆電＜LG gram Style14”輕贏隨型OLED,,台灣,論壇,DCARD,3C,2023/8/16,13:24:03,順勢流🌊,,0,1,2,0,0,0,0,正向,,
34c3ea77-7993-5bd3-af21-a22524c7a040,https://www.dcard.tw/f/3c/p/252982406,30k菜單健檢（含螢幕+作業系統）,用了5年的筆電快報廢了，小弟第一次組電腦，預算為30k（含螢幕+作業系統），都用來打lol及瓦羅蘭，參考板上各位神人組成的菜單，請各位炮小力一點感謝,,台灣,論壇,DCARD,3C,2023/8/16,11:19:08,國立東華大學,,0,0,0,0,0,0,0,正向,,
52d44ce8-833b-5b82-bfd5-86bd3c275473,https://www.dcard.tw/f/3c/p/252982073,#問機 MSI Thin GF63 12UC-654TW 功能,請問板上的各位大佬，小弟最近想換筆電，請問圖片這臺 有需要額外買散熱裝置墊在下面嗎？用途：繪圖軟體（AutoCAD Solidwork Origin），遊戲（英雄聯盟、Apex、怪物彈珠能三開模擬器、,,台灣,論壇,DCARD,3C,2023/8/16,10:27:18,歌岸似聲,,0,4,1,0,0,0,0,中立,,
cf15efc1-900e-53bc-b98f-726e99828b5d,https://www.dcard.tw/f/3c/p/252981970,#問機 20k預算 14/15吋 evo 16g/512gb 高續航輕薄文書機挑選 asus acer lg,使用情境：80%以上為網頁使用、office、canva等文書，剩餘20%是spotify或者youtube，筆電使用場景：圖書館、咖啡廳，一定需要經常攜帶出門，家裡有桌電，目前比較偏好高續航跟14吋,,台灣,論壇,DCARD,3C,2023/8/16,10:11:15,東海大學,,0,2,0,0,0,0,0,正向,,
af708560-5e93-5e9d-acea-efe9ed47e49d,https://www.dcard.tw/f/3c/p/252981942,筆電這樣是怎麼了,如題，筆電昨天還開的起來 今天打開就這樣了，不知道怎麼了 我對電腦一竅不通，求電腦大佬指點,,台灣,論壇,DCARD,3C,2023/8/16,10:07:11,林,,0,2,0,0,0,0,0,中立,,
f704e09b-5473-5316-a3ea-2b989ac0ec41,https://www.dcard.tw/f/3c/p/252980367,筆電請益 有選手,本身有桌機，但因為要出差想買一台電競筆電，可以耐用一點，預算35k-40k，偶爾打打LOL outlast dead by death light 吃雞，以下有選手，1. ACER Nitro 5 A,,台灣,論壇,DCARD,3C,2023/8/16,1:16:29,Chu,,0,0,0,0,0,0,0,中立,,
7fb2cc33-73bc-5474-a5b2-aa4dfcd84ae6,https://www.dcard.tw/f/3c/p/252979442,筆電挑選 有選手！,我是今年要升大一的新生，最近打算買一台新筆電，因此有稍微了解一下，也爬了很多文，但對這方面真的不是很擅長，所以希望聽看看大家的建議，如果有更推薦的也可以分享，謝謝‍️，▪︎預算：20000左右，▪︎需求,,台灣,論壇,DCARD,3C,2023/8/15,23:37:50,你好呀！,,0,1,0,0,0,0,0,正向,,
2a48c37c-e622-5bdd-b7c5-7335c0fd0431,https://www.dcard.tw/f/3c/p/252979194,#請益  三星tab s8 / s8+,想買的原因：主要是想拿來做筆記、看文獻，其他用途應該就是看看yt醬子，還有因為目前用的筆電比較大台且笨重（15.6吋），考量上課帶來帶去不方便，才想在大一開學前買平板，價格：現有通路比較下來，應該會在,,台灣,論壇,DCARD,3C,2023/8/15,23:16:44,Winter,,0,1,0,0,0,0,0,中立,,
2e93a0e4-9512-58c6-831c-23a52be3706a,https://www.dcard.tw/f/3c/p/252977149,有合適的筆電嗎💻,小妹在這裡想懇求大家給個推薦，讓男朋友可以獲得最佳驚喜，-，男朋友準備要去當兵了，在當兵的過程中會遇到生日，也算過剛好可以在假日幫他慶生！，那男友現在的電腦是升大學時，家人買的競技筆電，現在那台筆電經,,台灣,論壇,DCARD,3C,2023/8/15,19:48:33,旅嗨祖,,0,1,0,0,0,0,0,正向,,
fb8014f2-6987-5f39-90e8-d412c51449da,https://www.dcard.tw/f/3c/p/252976742,想問有沒有人能夠借筆電,在線求筆電租借🫠🫠，需要asus vivo 15 pro，本人要去參加講座，急需筆電，但不會使用！！被人檢查是否有帶而已，保證保護好好的！！！，這樣問很荒謬 但真的急需啊啊啊啊🥲，如有違規我會刪文章,,台灣,論壇,DCARD,3C,2023/8/15,18:59:57,龍華科技大學,,0,0,0,0,0,0,0,負向,,
949ee40e-e326-57dc-8939-15c35e78fd77,https://www.dcard.tw/f/3c/p/252976201,#請益程式筆電選擇問題,我的系是資訊相關的會打程式 有一台電競筆電，但現在都要通勤會很重也都沒在玩遊戲 想賣掉電競筆電換成MacBook air m2，在不插電的情況下電力比較持久 很輕 也很方便，或是不賣掉電競筆電 買平板,,台灣,論壇,DCARD,3C,2023/8/15,17:52:02,元智大學,,0,1,0,0,0,0,0,中立,,
e35ba31c-e683-58e1-8bd8-498b414e4248,https://www.dcard.tw/f/3c/p/252976173,請益平板選擇,今年升大二，下學期開始要通勤，帶著有點重的筆電到處跑不方便，所以最近在考慮買平板，用途：上課做筆記，看電子書，偶爾看影片，偶爾簡單文書編輯，來不及回宿舍時上遠距課，不考慮蘋果。自己的手機是小米，本來在,,台灣,論壇,DCARD,3C,2023/8/15,17:48:22,臺北醫學大學,,0,0,0,0,0,0,0,中立,,
58b41c68-3689-53ca-9c41-b50d523a7b1f,https://www.dcard.tw/f/3c/p/252973439,北大財政文書筆電選擇,#借朋友帳號詢問，請問各位3C的大神，小弟今年錄取北大財政系，課程規劃為稅務、會計為大宗，請問是否有同系學長姐知道有沒有需要跑一些數據、程式之類的，對於筆電的需要：看影集（解析度需高），滑網拍（用起來,,台灣,論壇,DCARD,3C,2023/8/15,12:24:14,東吳大學,,0,1,0,0,0,0,0,正向,,
5f1eee5a-8372-5989-8bd4-3f7581c198c1,https://www.dcard.tw/f/3c/p/252971867,#問題 硬碟容量限制,當初買的時候只有hdd，但筆電本身有留ssd擴充槽（m.2 sata 2280），上限是500g，請問我可以直接安裝512g的嗎？最近加裝256g覺得還是不夠用，但500g好難買 直接裝512不知道會,,台灣,論壇,DCARD,3C,2023/8/15,8:20:40,國立中興大學,,0,1,0,0,0,0,0,正向,,
bf00557c-8538-5136-a0db-02651c01fc80,https://www.dcard.tw/f/3c/p/252971454,筆電快過保了,rt，我要怎麼跟原廠說我要大保養，目前筆電沒有什麼大問題，但不確定有沒有怪怪的,,台灣,論壇,DCARD,3C,2023/8/15,4:30:42,國立金門大學,,0,0,0,0,0,0,0,負向,,
7c0995d9-9f81-5a4a-b69b-b38a9106a039,https://www.dcard.tw/f/3c/p/252970415,#問題 筆電快沒電時沒通知‼️,如題，以往筆電剩10%時都會跳出通知說快沒電（還會有系統音效），前陣子電池膨脹拿去換好電池後，就再也沒有跳出通知了，而是跳出0%通知後直接睡眠（還是休眠？我試過上網查到的方式，電源的進階設定都調過了，,,台灣,論壇,DCARD,3C,2023/8/15,0:44:24,國立彰化師範大學,,0,0,0,0,0,0,0,正向,,
63c0c2e8-57e6-5460-8b78-2cc2f2993de0,https://www.dcard.tw/f/3c/p/252970292,HP 光影V電競筆電推薦嗎？,小弟最近想購買一台電競筆電，需求能跑槍戰遊戲，也會寫程式，這台能符合我的需求嗎？請各位大神解惑謝謝！（附上照片）,,台灣,論壇,DCARD,3C,2023/8/15,0:28:06,Hank,,0,0,0,0,0,0,0,正向,,
c3720a2a-b622-5c50-a362-95c442831c7d,https://www.dcard.tw/f/3c/p/252968935,萬元初筆電請益,有人有買過HP的15s-fq3043TU這台嗎？爬了很多資料但都沒有相關分享，平常不打遊戲，只是想拿來上網、看影片這樣，選擇這台夠用嗎~會不會很卡呢？感謝各位大神！,,台灣,論壇,DCARD,3C,2023/8/14,22:10:41,靜宜大學,,0,2,0,0,0,0,0,中立,,
2cf8272d-44ab-55cb-be1e-fd8e7f409f52,https://www.dcard.tw/f/3c/p/252968712,#請益 筆電挑選,小弟最近在看ROG電競筆電，分別挑了以下兩款，分別搭載，CPU i9-13980HX/R9-9745HX，GPU RTX4060/RTX4060，磁碟 1TB SSD/512G SSD，RAM DDR,,台灣,論壇,DCARD,3C,2023/8/14,21:47:42,明志科技大學,,0,0,0,0,0,0,0,中立,,
eef3cefb-bd83-56b3-bae0-b55a7a4e4d6e,https://www.dcard.tw/f/3c/p/252968655,請問有什麼推薦筆電？（約3萬）,用途：少許程式、報告等（不玩遊戲）,,台灣,論壇,DCARD,3C,2023/8/14,21:41:29,zdifixtocyoc,,0,1,0,0,0,0,0,中立,,
40a1b5f7-ec9b-5777-a8a8-302ae1bb8603,https://www.dcard.tw/f/3c/p/252968571,#問題 無線耳機的USB接收器損壞,想要請問版上有沒有人使用 Corsair 海盜船 HS55 雙模無線耳機，或是使用其他款無線耳機也有遇到USB接收器損壞的經歷~，今年3月入手的，連接的是筆電，不會一直搬移所以沒有碰到usb導致接觸不,,台灣,論壇,DCARD,3C,2023/8/14,21:33:02,淡江大學,,0,0,0,0,0,0,0,中立,,
88d1f986-cc46-51fd-9d90-81070f09743d,https://www.dcard.tw/f/3c/p/252968494,播放影片問題請益,想請問各位大大我的電腦在網路正常情況下，（手機平板播放影片音樂都沒問題），但用筆電播放都會需要運轉個大概30秒左右才會播放，中間把影片暫停再播放也需要再運轉個30秒，也不只YT播放有這個問題，用賴和朋,,台灣,論壇,DCARD,3C,2023/8/14,21:24:55,國立成功大學,,0,0,0,0,0,0,0,正向,,
16b8c5c3-494d-55a5-b64b-9d7a58465a50,https://www.dcard.tw/f/3c/p/252968169,筆電0% 衝了三個小時電量還是0%,還有救嗎🥹，我試了好多次 都沒辦法充電，但是只要電插著就可以使用，但是電一拔掉就自動關機🫠🫠，我閒置一個月沒有用，#問題,,台灣,論壇,DCARD,3C,2023/8/14,20:51:47,國立勤益科技大學,,0,0,0,0,0,0,0,中立,,
a31acc16-c70f-58db-a330-757d408b9e90,https://www.dcard.tw/f/3c/p/252967493,請問筆電殘值,【型號】MSI GF65 Thin 9SEXR 605W，配置如下：CPU：i7 9750H，GPU：RTX 2060 8g，硬碟：1T SSD*2，RAM：DDR4 2666 16g*2，約2020,,台灣,論壇,DCARD,3C,2023/8/14,19:33:56,明志科技大學,,0,0,0,0,0,0,0,正向,,
fad41617-ec94-54a8-bb8f-45c70b50cc92,https://www.dcard.tw/f/3c/p/252967301,筆電詢問,大家好我想找一款可以順玩Minecraft/apex（不會燙的），有時會有幾分鐘影片要剪。請問有什麼電腦推薦嗎？,,台灣,論壇,DCARD,3C,2023/8/14,19:09:42,Johson,,0,0,0,0,0,0,0,中立,,
3d951baa-a28b-5c79-b4bd-cacecf8fa262,https://www.dcard.tw/f/3c/p/252966724,想詢問適合的筆電🥺,尼好~各位帥哥跟美女大大們‍️‍️，因為最近準備出國讀多媒體相關的科系，需要準備一台性能極好？很好的筆電，有打電動、算圖、程式、繪圖等等的需求，然後輕一點（大學天天背3公斤 希望能脫離負重訓練🥲🥲,,台灣,論壇,DCARD,3C,2023/8/14,17:59:48,BlaBla,,0,0,0,0,0,0,0,正向,,
f71af345-8484-5a33-b72f-686268debc12,https://www.dcard.tw/f/3c/p/252966297,筆電更換硬碟店家,#問題，請問筆電更換筆電ssd有推薦的店家嗎（新竹／中壢），然後請問這個sata孔是不能用的嗎,,台灣,論壇,DCARD,3C,2023/8/14,17:10:30,中原大學,,0,0,0,0,0,0,0,負向,,
ee97970d-1d01-5cdc-a9eb-d6ae61a14ad3,https://www.dcard.tw/f/3c/p/252965433,該挑哪台筆電比較好,小弟我是剛要升上大一的學生，最近打工賺了點錢想說要買台筆電上大學比較方便也能隨時隨地帶著玩，我看上了這兩台筆電請各位幫我看看那台cp值比較高,,台灣,論壇,DCARD,3C,2023/8/14,15:28:18,L.L.,,0,0,0,0,0,0,0,正向,,
bac1015c-c46c-54b6-96a0-3c5146c8798e,https://www.dcard.tw/f/3c/p/252964828,#請益 萬元筆電選擇,各位前輩好，發文前我有爬了很多文，今天剛好看到這台筆電，請問會推薦購買嗎？用途：文書處理（word、excel、ppt、看看YouTube ），Lenovo 15.6吋R5輕薄筆電（IdeaPad S,,台灣,論壇,DCARD,3C,2023/8/14,14:13:04,國立臺北商業大學,,0,0,0,0,0,0,0,中立,,
4903bce3-96f2-539e-9142-d40c0b282a4a,https://www.dcard.tw/f/3c/p/252963274,筆電跑的動4K螢幕嗎,#請益，請問筆電為strix scar 18顯卡4080，如果外接4K@144 螢幕是否跑的動暗黑4特效全開呢？謝謝,,台灣,論壇,DCARD,3C,2023/8/14,10:45:15,owen,,0,2,0,0,0,0,0,中立,,
d023e28c-c762-58c0-8a8f-2cbacf39eea6,https://www.dcard.tw/f/3c/p/252963267,筆電升級請益,#請益，目前是使用T14 Gen2 AMD，想詢問可以升級的SSD，之前買了一隻Gen4 2T的SSD，發現無法裝入（太厚），想找可以提升讀寫的SSD..,,台灣,論壇,DCARD,3C,2023/8/14,10:43:58,匿名,,0,2,0,0,0,0,0,正向,,
c6476670-f311-53d2-ad5d-88c179094af5,https://www.dcard.tw/f/3c/p/252963077,二手筆電,目前有台112年5月剛入手的筆電，買完之後覺得不太需要用筆電，求轉售。台灣本島都可以面交，不收運費。希望價格落在28，000$～30，000$之間，可在議價,,台灣,論壇,DCARD,3C,2023/8/14,10:10:46,保險旅人,,0,3,0,0,0,0,0,中立,,
929e32da-1203-5af2-94bf-644c4fda1bdc,https://www.dcard.tw/f/3c/p/252962405,大學生筆電推薦,#請益，下學期要去交換了，想買一台筆電帶去，想要輕便一點方便攜帶，用途：基本文書處理如果能玩一些遊戲也不錯，預算：最好25000以內，想請問各位高人有沒有推薦的款,,台灣,論壇,DCARD,3C,2023/8/14,5:18:24,淡江大學,,0,4,1,0,0,0,0,正向,,
9c52e94f-191b-5229-b089-1cb4502c9f67,https://www.dcard.tw/f/3c/p/252962072,請益，二手筆電價格,手上有一台2022年三月左右買的Acer筆電，，不常用想出售但不太清楚價格落在哪裡，請3C版的各位幫我鑑定一下謝謝大家。（不太懂規格所以沒打出來）,,台灣,論壇,DCARD,3C,2023/8/14,2:42:44,國立中正大學,,0,3,1,0,0,0,0,中立,,
5df89727-d65b-5349-b6b0-70d75e6c6022,https://www.dcard.tw/f/3c/p/252962060,筆電3050vs4050,最近想買筆電看到顯卡3050 cpui7 12代的一台讓我很心動，但是多三千塊就能買4050 i5 12代請問這兩台的效能真的差很多嗎，有必要多花這三千嗎？,,台灣,論壇,DCARD,3C,2023/8/14,2:40:06,L.L.,,0,4,0,0,0,0,0,正向,,
634a9ac4-c1cf-5a53-9a9e-c61e3925936d,https://www.dcard.tw/f/3c/p/252961875,筆電3050vs4050,最近想買筆電看到顯卡3050的一台讓我很心動，但是多一千塊就能升級成4050請問這兩張的效能真的差很多嗎，有必要多花這一千嗎？,,台灣,論壇,DCARD,3C,2023/8/14,1:59:53,L.L.,,0,0,0,0,0,0,0,正向,,
12a3c418-a011-5ecd-af75-00d233a72244,https://www.dcard.tw/f/3c/p/252960592,#請益 筆電挑選,#請益，目前筆電：HP Pavilion Gaming 15-bc026TX　（i7-6700HQ/GTX960M-4G/8G/128G SSD+1TB/W10/FHD），服役七年，打遊戲還尚可，但開,,台灣,論壇,DCARD,3C,2023/8/13,23:13:32,今天撿到十塊,,0,7,2,0,0,0,0,中立,,
2247ff62-a254-5b8f-9ada-6421027fc9e2,https://www.dcard.tw/f/3c/p/252959654,#請益 3萬內筆電挑選（內有選手）,最近想購買新的筆電，預算大概在2萬到3萬左右，主要需求是文書處理（word.excel.ppt.等，也會常常拿來看YouTube跟Netflix，剪片的話應該會是小短片而已，希望尺寸是14吋左右，攜帶,,台灣,論壇,DCARD,3C,2023/8/13,21:37:02,朝陽科技大學,,0,3,0,0,0,0,0,正向,,
8a83199d-6d52-582c-a5ff-5653fe2325b1,https://www.dcard.tw/f/3c/p/252959179,#請益 三萬內筆電挑選,要買新筆電但挑不出來，請各位給個建議，主要需求：文書處理、網頁瀏覽、看影片、以後研究所可能需要跑data、偶爾會剪小短片（大概半年才剪一次那種）、希望輕薄一點，目前有看到兩台但不知道哪台更適合我，如果,,台灣,論壇,DCARD,3C,2023/8/13,20:39:26,國立中興大學,,0,4,0,0,0,0,0,正向,,
67d95392-157e-578a-b812-4131577dd488,https://www.dcard.tw/f/3c/p/252958592,#請益 四萬左右筆電選擇（內有選手）,以下是選手：-，想請問各位3C佬哪個比較適合我，或者有更好的選擇！，-，需求：小弟今年上政大資科（類似資工），所以感覺會用到一些多工之類的功能，再來是要跑得動程式（希望不要跑太久），然後能撐四年，續航,,台灣,論壇,DCARD,3C,2023/8/13,19:24:48,國立政治大學,,0,3,0,0,0,0,0,正向,,
d2b51885-27b3-5d4d-a5a3-b055617deb4b,https://www.dcard.tw/f/3c/p/252958079,#請益 電競筆電選哪一台比較適合,手機排版請見諒，小弟打算買遊戲筆電，之後也想要再加一個螢幕，預算大約是五萬內。1. 外觀比較好看，是用DDR5的記憶體，我看cpu的跑分高於另一臺i9的版本，但比較重2.6KG，2.比較樸素，記憶體是,,台灣,論壇,DCARD,3C,2023/8/13,18:04:41,淡江大學,,0,4,0,0,0,0,0,正向,,
52321c2b-6681-5f05-9582-e939dab04817,https://www.dcard.tw/f/3c/p/252954685,Macbook air外接螢幕不能打字,我的型號是M1，用筆電的鍵盤打字在外接的螢幕上會嚴重lag（HDMI線連接），或是當掉，如果在滑一些網頁，也是很卡，請問有救嗎⋯⋯，螢幕是這個,,台灣,論壇,DCARD,3C,2023/8/13,8:06:28,世新大學,,0,4,0,0,0,0,0,負向,,
1d407202-397f-5aa8-8a99-121fdd7e4027,https://www.dcard.tw/f/3c/p/252954378,30k-35k輕薄筆電（預算可小爆,最近想要買新的筆電來工作，需求如下，螢幕窄邊框（不要觸控），Intel 處理器13代，記憶體16g，硬碟希望1T SSD（至少512，如果可擴更優），輕薄好攜帶，目前口袋名單有：ASUS 華碩 UX3,,台灣,論壇,DCARD,3C,2023/8/13,4:24:16,國立中山大學,,0,2,0,0,0,0,0,中立,,
0e67d00d-b625-534a-a712-9d1f6b33e7e6,https://www.dcard.tw/f/3c/p/252954082,電競筆電推薦,需求3萬內，我有找了一些 但我不知道這幾台差在哪，平常就打打Apex Pubg 之類到遊戲，希望玩的時候不要太燙啦，1. Msi sword 15 （i5 12450H/RTX 4050），2. Ac,,台灣,論壇,DCARD,3C,2023/8/13,2:48:13,小鮭,,0,3,3,0,0,0,0,中立,,
a83d5a3e-3b58-5a1f-b6e8-780672022740,https://www.dcard.tw/f/3c/p/252952720,筆電外接螢幕 當機,想請問一下 我的筆點是用acer的nitro an515-57，I7-11800h處理器和 3060顯卡，前幾天買了rog 的XG27AQ 螢幕來外接，結果玩遊戲像特戰 魔物獵人 2k23 的時候很常,,台灣,論壇,DCARD,3C,2023/8/12,23:31:17,靜宜大學,,0,3,1,0,0,0,0,中立,,
a813a255-ab15-5f00-815f-ba72ea8d6700,https://www.dcard.tw/f/3c/p/252948780,Acer新筆電當機問題,前兩天在原價屋官網上買了一台新筆電，型號是：Nitro 5 AN515-58-56TV，有加裝RAM16G，使用下來會時不時當機，看後來記憶體根本沒使用多少就當，今天還突然出現這樣的畫面，想請問是什麼,,台灣,論壇,DCARD,3C,2023/8/12,14:21:40,國立臺中科技大學,,0,7,0,0,0,0,0,中立,,
a2b57b1f-dfe7-5460-bfba-e59c0e5045f1,https://www.dcard.tw/f/3c/p/252948700,兩萬以下筆電求推薦,能打LOL跟程式 電池能撐6小時以上，1、MSI Modern 15 B12M-435TW，i5-1235U ∥ 16G ∥ 512G SSD ∥ 1.7kg，2、【Lenovo】升級16G記憶體15,,台灣,論壇,DCARD,3C,2023/8/12,14:09:45,你好,,0,3,1,0,0,0,0,中立,,
182c35aa-aaf3-59d4-95d5-48119163aad4,https://www.dcard.tw/f/3c/p/252948662,#請益 電競筆電選擇,需求：目前以文書及遊玩FPS遊戲為主，預算：36k左右，選手1，【ASUS 華碩】特仕版 15.6吋電競筆電（FA507NV/R7-7735H/8G/512G SSD/RTX4060/Win11/+1,,台灣,論壇,DCARD,3C,2023/8/12,14:02:22,國立臺中科技大學,,0,1,0,0,0,0,0,中立,,
8ad83325-7c18-5a13-a877-5b559eafd8be,https://www.dcard.tw/f/3c/p/252947749,想問筆電推薦,快開學了 想搞一台筆電用 打工賺了28000 想問各位大大有沒有推薦的筆電，用途：平常的文書處理 做做報告 看看影片 要是可以希望可以玩點遊戲 打打CS 並且希望不要太重🤔,,台灣,論壇,DCARD,3C,2023/8/12,11:45:33,國立高雄科技大學,,0,1,0,0,0,0,0,中立,,
badad694-afc2-5dae-b896-543b0ed346ef,https://www.dcard.tw/f/3c/p/252947569,筆電請益,大家好，目前是讀護理系，平時不打遊戲，筆電的用途頂多就是打打報告或看影片，因為前幾年隨便亂買了一台很便宜的筆電，結果現在雷到自己，目前看上這台，想問大家這台是否能滿足我的需求～目前預算抓一萬五,,台灣,論壇,DCARD,3C,2023/8/12,11:15:18,慈濟科技大學,,0,1,0,0,0,0,0,負向,,
ceab30f4-af3a-5929-80bb-cc170f53f355,https://www.dcard.tw/f/3c/p/252947063,筆電滑鼠游標不見了,如題，已換了很多滑鼠……有線無線都試過了，用面板也滑不到游標，有人可以幫忙嗎QQ,,台灣,論壇,DCARD,3C,2023/8/12,9:32:46,國立臺南大學,,0,0,0,0,0,0,0,中立,,
60cafcca-35f4-5524-aa85-b89e0f4069fc,https://www.dcard.tw/f/3c/p/252946992,大學生筆電請益,目前的預算是三萬以內，29000以內會更好，想找近三四年出來的，平常會玩的遊戲比如永劫無間、APEX、原神，麻煩各位了，感謝，我朋友是推薦我買這個，但我查了一下發現這台好像出來滿久了，不知道效能會不會,,台灣,論壇,DCARD,3C,2023/8/12,9:14:02,蘭商,,0,2,0,0,0,0,0,中立,,
75e8dc9b-ea15-5436-a8bf-16ccfd76be06,https://www.dcard.tw/f/3c/p/252946759,#請益 1萬5～2萬初筆電推薦,用來製作unity專題和寫程式，（如果可以玩個GTA 5就更好了，不過GTA 5這個需求並不強制），目前筆電為i5-7200U/8G/512G SSD/R5 M430，想要一台預算1萬5～2萬初（不超,,台灣,論壇,DCARD,3C,2023/8/12,7:36:59,輔仁大學,,0,0,0,0,0,0,0,負向,,
d92791f7-40d6-5f88-9399-a4b15f458b72,https://www.dcard.tw/f/3c/p/252946336,CJSCope UNICORN 15Y,請問這台筆電有什麼短版嗎，主打輕薄高效能高續航，感覺起來挺全能的，【CJSCOPE 喜傑獅】15.6吋UNICORN 15Y 商用筆電（R9-5900HX/RTX3070-8G/16G/1TB PCI,,台灣,論壇,DCARD,3C,2023/8/12,3:32:39,東吳大學,,0,0,0,0,0,0,0,中立,,
227200eb-faba-5856-8163-b5f78fe70aa6,https://www.dcard.tw/f/3c/p/252946063,光華商場 月經文,小弟我原先的筆電壞了，報修後店家開價13000左右，於是家人建議我直接買一台新的，在上網查資料後漸漸萌生想要組桌機的想法，於是就前往光華商場逛逛，一不小心在德X電腦的業務推薦下訂了一張顯卡，RTX 3,,台灣,論壇,DCARD,3C,2023/8/12,2:15:40,東吳大學,,0,7,0,0,0,0,0,中立,,
a79f4173-dd8c-5505-a42d-c9f5986d75a7,https://www.dcard.tw/f/3c/p/252945988,買筆電還是桌機？ 不知道怎麼選不妨參考一下,以下是個人想法，僅供參考，＿＿＿＿＿＿＿＿＿＿＿＿＿＿＿＿＿＿＿＿＿＿，先說兩個的優缺點，桌機：優點：性能會比筆電還要好（以相同規格）、可以按自己喜好需求挑選零件、零件壞了可以單獨更換、升級配備相對容,,台灣,論壇,DCARD,3C,2023/8/12,1:57:58,▄█▀█●给跪了,,0,2,1,0,0,0,0,正向,,
e1dc6d8b-c45f-5669-8a1d-0aac0d3a0b80,https://www.dcard.tw/f/3c/p/252945823,筆電比較,請問各位這幾台哪台會更好，1.，2.，3.，用途：遊戲、寫程式、看yt 等等，遊戲：黑沙、apex、lol、ow2,,台灣,論壇,DCARD,3C,2023/8/12,1:28:43,淡江大學,,0,1,0,0,0,0,0,中立,,
e5a2b618-2feb-5900-935d-95f87d2d8e0e,https://www.dcard.tw/f/3c/p/252945763,#問題 文書機,最近想入手一台筆電，有上網爬文看了大家的推薦，但還是不太理解要怎麼找符合自己需求的電腦🥲，HP 15s-eq2001AU這台有在考慮但15吋有點太大了，需求如下：未來有可能會出國讀書，目前只需要打wo,,台灣,論壇,DCARD,3C,2023/8/12,1:18:14,東吳大學,,0,1,0,0,0,0,0,中立,,
a00b80cf-ccd6-53ea-8318-1b3f06126da8,https://www.dcard.tw/f/3c/p/252945591,#請益 筆電RAM 16GB升24GB有感嗎？,跟各位介紹我是一個，對電腦稍微知道一點點的小白，我目前使用的筆電是，2020 的ROG G14，1650Ti，記憶體16GB，機型是GA401II，我看好像最大的記憶體容量是可以到24GB而已，這樣等,,台灣,論壇,DCARD,3C,2023/8/12,0:51:59,醒吾科技大學,,0,3,0,0,0,0,0,正向,,
ee29a13d-40ca-5639-9691-1f42e4743d32,https://www.dcard.tw/f/3c/p/252945159,#請益 建築系筆電,我目前大三要升大四，原本的電腦是Lenovo IdeaPad Gaming3i，最近有打算換電腦，因為同時開AutoCad+Ai+lumion電腦會大當機，想請問各位大神有沒有推薦的筆電（目前沒有考慮,,台灣,論壇,DCARD,3C,2023/8/12,0:01:18,正修科技大學,,0,2,0,0,0,0,0,中立,,
33443d00-049d-58f9-9ba4-ec9c889a6080,https://www.dcard.tw/f/3c/p/252945139,Lenovo IdeaPad Slim 3/ 比較,Momo官網這幾天在特價，自己查了很多資訊，發現最符合自己應該是這款筆電，但實在不知道買以下這幾種方案在價錢沒有差到很多的情況下哪種比較划算，求大神解答，是學生黨，主要功能是文書處理，對規格什麼的實在,,台灣,論壇,DCARD,3C,2023/8/12,0:00:06,1994n,,0,0,0,0,0,0,0,正向,,
82937d88-54c3-5772-88fb-bc19c2e4d180,https://www.dcard.tw/f/3c/p/252944106,請益Msi跟Rog電競筆電,想問Msi katana15跟ROG flow z13要買哪一個，先不考慮價錢問題，因為本身有在玩遊戲所以一定要買電競筆電，但是考慮之後上班需要常常帶著電腦到處跑，怕買msi那一台會不方便，因為Msi,,台灣,論壇,DCARD,3C,2023/8/11,22:05:22,中國文化大學,,0,1,0,0,0,0,0,中立,,
8fb73fdd-11bb-5144-9533-47969c87be5a,https://www.dcard.tw/f/3c/p/252943887,#請益 筆電選擇,先自我介紹一下，我是今年的準大學生，最近有要選購筆電的需求，遂想請教各位，以下哪台筆電較為推薦？個人需求及選購標準：以文書報告為主，追求效能及續航，但有輕度娛樂需求（未來所玩的遊戲是frozen ho,,台灣,論壇,DCARD,3C,2023/8/11,21:40:33,匿名,,0,0,0,0,0,0,0,正向,,
04e14c1c-93c4-555f-9c6e-b73bcc71d7f2,https://www.dcard.tw/f/3c/p/252943605,請益電競筆電,本人近期想買電競筆電，看了很多仍猶豫不決🥲，想要找i5或i7 13代 4050或以上，預算30000-40000，請各位大神推薦有沒有cp值比較高的產品，本人沒有品牌信仰，謝謝,,台灣,論壇,DCARD,3C,2023/8/11,21:08:30,Gary,,0,0,0,0,0,0,0,正向,,
4e75a0e1-42fb-519c-a645-f8933140ef91,https://www.dcard.tw/f/3c/p/252943110,#請益 筆電選購推薦,大家好麻煩各位了，想請教一下，基本文書處理、會用dc語音、偶爾需要跟老師視訊，會有移動需求但都有插座，重量也不是考慮重點，預算不高大概2萬上下，有沒有什麼比較推薦的高cp值筆電，目前考慮了幾台，1.,,台灣,論壇,DCARD,3C,2023/8/11,20:09:29,國立臺灣大學,,0,0,0,0,0,0,0,中立,,
325c46fb-3ace-5e7d-968e-52b1037cd5a8,https://www.dcard.tw/f/3c/p/252942817,#請益 筆電螢幕真壞了嗎？,如題～我是Win11，有一天正常使用，右下角NV軟體說有新的驅動程式，然後我沒理他（正常來說應該沒差），結果洗個澡回來直接黑屏 外接螢幕正常顯示，爬文有人更新顯卡驅動後正常，但是我更新顯卡驅動後反而出,,台灣,論壇,DCARD,3C,2023/8/11,19:34:52,中國文化大學,,0,2,0,0,0,0,0,正向,,
28b4b2db-3599-5e55-8f14-5fc6bfdb7435,https://www.dcard.tw/f/3c/p/252942803,#請益 西風之神G14 螢幕閃爍,小弟目前筆電-西風之神 G14（型號GA401I）使用了接近三年（保外），近期出現螢幕閃爍的狀況，都是放在家裡使用沒有過碰撞，拿到皇家送修結果被告知螢幕故障原廠也停產沒有零件可以進行維修，建議我外接螢,,台灣,論壇,DCARD,3C,2023/8/11,19:32:22,可頌好好ㄘ,,0,1,1,0,0,0,0,負向,,
08a9b4a9-0db5-529b-9e43-d5e5f57df1eb,https://www.dcard.tw/f/3c/p/252941132,白色電競筆電...RTX4060的選擇?,想選一台低調一點的電競筆電，但多數都有RGB...老實說真的太閃，加上大部分都是黑色調居多的外型，想找一台白色系的就變得很少，找來找去目前看上一台Stealth 16Studio A13VF-047T,,台灣,論壇,DCARD,3C,2023/8/11,15:58:58,已屏蔽敏感字詞,,0,0,0,0,0,0,0,正向,,
8f781fbc-b847-5c58-badf-fb06b807bbbc,https://www.dcard.tw/f/3c/p/252939870,筆電(文書機)選擇建議我想買一台文書機給剛升高中的女兒打報告交作業用，預算有限2萬內，又不懂電腦在PCHOME找到以下4款 ，在請看見貼文的朋友提供建議，謝謝。,,,台灣,論壇,DCARD,3C,2023/8/11,13:21:37,法爾如是,,0,2,0,0,0,0,0,中立,,
b061f081-1bf3-5275-a060-50a28b07f66d,https://www.dcard.tw/f/3c/p/252938990,筆電選擇請益,#請益，沒有很了解3c，爬文一下看了自己的需求，本人工學院的，基本上要寫程式、跑軟體、做報告、偶爾玩一下遊戲，想要，預算：4萬內（35k以內更好），尺寸：15以下都可以、不一定要輕薄，CPU ：i5,,台灣,論壇,DCARD,3C,2023/8/11,11:26:46,逢甲大學,,0,2,1,0,0,0,0,正向,,
b7ed1495-6e32-5873-bfbe-341ff6030457,https://www.dcard.tw/f/3c/p/252938870,#請益  筆電選擇,平日需求：1.做報告、看資料、寫論文、翻譯（網頁多開+多文檔），2.追劇、看影片、線上會議，3.希望它長壽一點，非必須，能有最好，看能到什麼階段，但超出預算太多可放棄：簡單剪片不吃力>可開模擬器掛個乙,,台灣,論壇,DCARD,3C,2023/8/11,11:07:20,國立臺灣師範大學,,0,1,0,0,0,0,0,正向,,
36ad1490-9cb7-5eb1-b9b5-92dda4a2e27d,https://www.dcard.tw/f/3c/p/252937080,realtek 改 Dolby home theater,#請益，我有兩台電腦，一台用了5年的文書筆電，內建有Dolby home theater ，最近有點小錢就買了另外一台電競筆電，只是電競這台只有  realtek 跑出的聲音都破破扁扁的，如果想用Do,,台灣,論壇,DCARD,3C,2023/8/11,1:17:51,小小射手座,,0,1,0,0,0,0,0,中立,,
8d4478bb-c652-5fc5-8364-7b552823bbad,https://www.dcard.tw/f/3c/p/252935937,#請益 Vaio 筆電開不了機,我的是SX14， 今天下午在用的時候突然關機， 我就沒有再嘗試開機。晚上回家想要開機時，它一直說要更新，然後加載到90多%左右就自動關掉🫠 我重覆試了好幾次，每次加載的畫面轉1分鐘左右就關掉…，有時候,,台灣,論壇,DCARD,3C,2023/8/10,23:12:36,香港理工大學,,0,2,0,0,0,0,0,中立,,
a3d8bf49-7d21-514f-8421-8ad3f72189c8,https://www.dcard.tw/f/3c/p/252935400,筆電按睡眠就喚不醒！求大神幫幫忙怎麼做！,筆電剛買一年，每次按睡眠就喚不起來，都要強迫關機再重開，有時候甚至太久沒有動，電腦就會自動休眠！然後一樣也是打不開，已經強迫關機又開機反反覆覆四五次，想請問是我設定有什麼問題？還是要按什麼？還是電腦真,,台灣,論壇,DCARD,3C,2023/8/10,22:18:48,H.S.C,,0,2,0,0,0,0,0,負向,,
7c6704f3-981b-5a18-b12c-f32d16878b66,https://www.dcard.tw/f/3c/p/252934751,筆電獨立顯卡問題,我想問也沒有辦法把X550J的NVIDIA顯卡裝到我的acer 電腦？我有一台「asus X550J」的筆電，另外有一台「acer travel mate P215-53 series」的筆電，我的a,,台灣,論壇,DCARD,3C,2023/8/10,21:17:21,Caerus,,0,0,0,0,0,0,0,中立,,
2ed854fc-790c-5eb9-92de-8cdba783f25f,https://www.dcard.tw/f/3c/p/252934050,ssd選購以及相關問題,近日想幫筆電加裝一條ssd，想請問大家比較推薦哪一個呢？（以下有選手），另外想請問在pchome的聯強貨可以買嗎？（p44pro）便宜了不少，但是一樣有保固5年,,台灣,論壇,DCARD,3C,2023/8/10,20:01:26,卡稱為什麼那麼難想,,0,0,0,0,0,0,0,正向,,
45292976-3cd5-5d60-88e2-dd95dfaac29d,https://www.dcard.tw/f/3c/p/252932689,#請益  高CP值的大學可以用4年的筆電！,想請問如果平常只是要，追劇、看影片、作報告、需寫一點程式等，希望可以，1、數字鍵，2、不在意重量，3、螢幕14吋以上，4、盡量可以撐過4年！，預算在25000～30000都行 有推薦的筆電可以介紹給小,,台灣,論壇,DCARD,3C,2023/8/10,17:18:41,波希米亞人,,0,3,0,0,0,0,0,正向,,
27800e40-80a5-5a9c-8578-1edb4fee42f6,https://www.dcard.tw/f/3c/p/252932169,＃請益 筆電好壞,＃筆電，昨天發過文，主要是想開VM，跑點簡單的DL train train model，然後開模擬器寫腳本啥的，應該會買RTX4080那台 然後加2TB，這樣還行嗎 還是這台也很塑料之類的,,台灣,論壇,DCARD,3C,2023/8/10,16:17:35,國立臺灣大學,,0,1,0,0,0,0,0,中立,,
1d38f758-7e3c-59f5-9716-7453cf9d8b60,https://www.dcard.tw/f/3c/p/252931654,#問機 三萬五筆電選擇,各位達人大大，我之前的筆電是便宜的文書機，服役四年現在快不行了，想要換筆電 有爬文瞭解過怎麼選和看規格，非伸手牌 列目前幾台考慮的，預算- 3萬五上下（可以捏爆到四萬，需求-，主要為文書用，另外實驗室,,台灣,論壇,DCARD,3C,2023/8/10,15:18:26,國立成功大學,,0,1,0,0,0,0,0,中立,,
374eba71-aaaf-5796-a08e-6bfd065afaab,https://www.dcard.tw/f/3c/p/252931159,過去有過什麼文書筆電A面設計好看的嗎?,自己最近看文書筆電看到這台Swift go的璀璨金鑽石版，在A面上有像電競筆電才會有的特殊設計，不曉得過往大家對於文書機的A面設計，有無特別印象深刻的呢？,,台灣,論壇,DCARD,3C,2023/8/10,14:17:00,元智大學,,0,1,2,0,0,0,0,正向,,
036d0f9a-377c-5deb-a287-bbb4b0362070,https://www.dcard.tw/f/3c/p/252930953,#請益 高價位的文書筆電挑選,小妹最近在考慮要買一台筆電，希望可以有短影片剪輯的需求，也能有高畫質的螢幕，為了攜帶方便螢幕大小想控制在14吋（上班跟追劇方便XD），我知道有人會說要更好畫質跟效能就捏一下上電競...，小妹僅有30k,,台灣,論壇,DCARD,3C,2023/8/10,13:50:31,朝陽科技大學,,0,2,1,0,0,0,0,正向,,
93073531-811c-5a4b-b072-fbef7077484c,https://www.dcard.tw/f/3c/p/252930874,#開箱 Intel® Evo™ 認證筆電 - Microsoft Surface Laptop 5,大家午安，今天來開箱的是Intel® Evo™ 認證筆電，通過 Intel® Evo™ 認證的筆電能滿足全方位需求，市面上有多款 Intel Evo 筆電，讓行動工作者可以擁有全新的體驗，擁有 Int,,台灣,論壇,DCARD,3C,2023/8/10,13:42:02,可可C,,0,1,3,0,0,0,0,正向,,
f7c765c2-fa92-5f2a-8287-9f81ebed875c,https://www.dcard.tw/f/3c/p/252930707,升大學買筆電,#請益，沒有要用來玩遊戲，追劇+做報告而已，希望便宜也有好貨，預算20000以下，需求：能跑能用 分組報告不會拖累隊友，選課順利（不會爛到跑不動 選不了課，目前在看：1 續航力好像不錯 記憶體也可以加,,台灣,論壇,DCARD,3C,2023/8/10,13:21:24,驀然回首，果然沒在看我,,0,0,0,0,0,0,0,中立,,
99b6e59b-bbb8-5f50-899f-faef21aa0e91,https://www.dcard.tw/f/3c/p/252929822,重灌電腦後，指紋辨識無法使用。,HP戰66筆電,,台灣,論壇,DCARD,3C,2023/8/10,11:30:16,漂流木,,0,0,0,0,0,0,0,中立,,
00aa6b17-1992-598e-8fe5-25f4539ebe29,https://www.dcard.tw/f/3c/p/252926970,#請益 外星人二手筆電估價,筆電是 去年七月買的Alienware m15 R7，i7-12700H+3060+2k螢幕的版本，有加一條1T的SSD（讀寫7000），當時購入是$76000 保固到明年七月，想問下這牌子保值嗎 當,,台灣,論壇,DCARD,3C,2023/8/9,23:53:33,東吳大學,,0,0,0,0,0,0,0,中立,,
fa52a09b-5f56-5139-9d4f-8de39b497a93,https://www.dcard.tw/f/3c/p/252926028,剛買的筆電，玩遊戲就黑屏,剛買的電腦，大學用來畫畫做作業ppt，最近沒有什麼作業就看個視頻發個訊息，刷個文章都可以，結果稍微玩一下Minecraft伺服器，玩一會就突然黑屏，要重新按電源鍵，請問這是為什麼，希望得到解答（看了設,,台灣,論壇,DCARD,3C,2023/8/9,22:26:41,艾迪黑,,0,0,0,0,0,0,0,正向,,
ca73d10c-acb0-593e-b6cc-f05e38b6d6a3,https://www.dcard.tw/f/3c/p/252925804,新買的電腦有問題,#請益，本人的新筆電Acer nitro 5 AN515-58-582W買的筆電到貨了，有在實體店面加購記憶體和HDD，回家只要一接上網路（cable和Wi-Fi）螢幕就黑了這是怎麼一回事QQ,,台灣,論壇,DCARD,3C,2023/8/9,22:07:40,國立臺中科技大學,,0,0,0,0,0,0,0,中立,,
2fd43655-ddb6-5778-bad2-d239e8ed967d,https://www.dcard.tw/f/3c/p/252925794,#請益 筆電選購（內有選手）,請問各位大大，以下這兩台筆電規格好像都差不多，（i5-1235U/Iris Xe/8G記憶體/512G SSD），但HP的價格較ASUS便宜約1~2000元，請問比較推薦購入哪一台呢？謝謝，1. 華碩,,台灣,論壇,DCARD,3C,2023/8/9,22:06:25,國立高雄師範大學,,0,0,0,0,0,0,0,正向,,
8682b1da-bc81-5e0a-bb33-7d5aeedbd3e9,https://www.dcard.tw/f/3c/p/252925539,#請益 3D渲圖筆電,大家好，最近沒辦法忍受用文書機來跑3D渲圖需要換個筆電，大致詢問朋友還有爬文之後，都蠻推薦 ASUS TUF Gaming的，預算大約在3萬至3萬五 基本上不太玩遊戲，最大的需求就是跑3D渲圖，想詢問,,台灣,論壇,DCARD,3C,2023/8/9,21:39:56,國立雲林科技大學,,0,1,0,0,0,0,0,中立,,
858b92c3-9125-565a-bde4-faa097ca1eb8,https://www.dcard.tw/f/3c/p/252923853,［請益］最近想買新筆電,＃請益，朋友當中有人建議我買Dell XPS，但我買成，Dell G15 5530 i9-13900HX，16GB X 1TB+2TB，RTX4060，是不是完蛋了啊，剛剛上網查沒看到人推薦這個，有人,,台灣,論壇,DCARD,3C,2023/8/9,19:17:36,國立臺灣大學,,0,2,0,0,0,0,0,中立,,
c25ffcf4-b6b7-5b3f-a785-0691004066ac,https://www.dcard.tw/f/3c/p/252923048,工作用筆電求建議 (內有選手),#請益，工作使用： 網路行銷， 常會同時開十數個網頁，網路之外常用excel、word、PPT這幾個軟體. 有時候會開PS.，需求：1.耐用穩定度高：因為5-6年才能換一台.也沒有其他電腦交雜使用，所,,台灣,論壇,DCARD,3C,2023/8/9,17:39:40,doris,,0,2,0,0,0,0,0,正向,,
508cebbb-8572-5b96-9ec7-9a1eb1e2a2e6,https://www.dcard.tw/f/3c/p/252922053,家裡移動使用桌機還是筆電好,使用場景 ：家用，但房間沒冷氣（沒地方裝），要用電腦要搬去客廳，房間空間不夠，只能簡單擺個餐桌椅放電腦，購買動機 ：舊主機是大一買的現在碩畢了想換電腦，剛好要從成大回新北家裡，想說就買一台新的，家裡已,,台灣,論壇,DCARD,3C,2023/8/9,15:44:18,世新大學,,0,0,0,0,0,0,0,負向,,
2885dc0a-a5d8-5ba6-8757-4716a278024b,https://www.dcard.tw/f/3c/p/252921699,遊戲筆電選擇障礙QQ,最近想選一台筆電玩楓之谷、APEX，預算3萬左右 最多3萬5，因為之後開學會帶去宿舍 所以不考慮桌電，目前有這兩位選手，1 ACER Nitro 5 AN515-58-56TV，2 ASUS TUF,,台灣,論壇,DCARD,3C,2023/8/9,15:01:28,銘傳大學,,0,0,0,0,0,0,0,正向,,
19c7738d-be08-5547-8f55-294db0bf948b,https://www.dcard.tw/f/3c/p/252921120,請問預算5~6萬的電競筆電的推薦,3年前買了一台4萬多的文書筆電，結果跑遊戲跑不動，整台筆電會變超熱，平時需求：玩手遊的模擬器【天涯明月刀M、易水寒...等】看劇、聽歌、看YT，有時候會需要寫一些EXCEL、PPT的行政工作，之後想玩,,台灣,論壇,DCARD,3C,2023/8/9,13:53:41,黎明技術學院,,0,1,0,0,0,0,0,中立,,
4232a7b7-5ee0-5d96-bfbf-19cf288b95c5,https://www.dcard.tw/f/3c/p/252920348,大一快開學 想選一台筆電,預算3萬5，GTA5 這款能順跑就行，不是什麼電腦遊戲愛好者，對筆電沒有很懂，所以想問問大家有沒有推薦，目前有考慮ROG聽說很不錯，但不是很清楚價格因為好像很多款，朋友在用的ASUS Nitro 5看,,台灣,論壇,DCARD,3C,2023/8/9,12:18:05,其實洋芋片,,0,0,0,0,0,0,0,中立,,
4dafd7eb-f7e0-58e7-a1a4-010107df4892,https://www.dcard.tw/f/3c/p/252920046,兩台筆電求推,1 AERO 14 OLED，2 acer predator phn16-71-79c7，需求 追劇 剪輯 為主 請問各位比較建議哪一台,,台灣,論壇,DCARD,3C,2023/8/9,11:42:31,健行科技大學,,0,1,1,0,0,0,0,中立,,
2461386c-9150-5a24-9791-1e8ee6ab419c,https://www.dcard.tw/f/3c/p/252919854,筆電螢幕已經是霧面的還需要再買霧面保護貼嗎,如題，自己很討厭亮面的螢幕 覺得反光到眼睛要瞎掉了，這次選擇買霧面螢幕的筆電，這樣我還要買霧面保護貼嗎 但怕買一般的又會反光？還想要買抗藍光功能的，不知道大家有甚麼建議,,台灣,論壇,DCARD,3C,2023/8/9,11:16:25,國立中央大學,,0,3,0,0,0,0,0,中立,,
d91d77ef-4a16-5ce6-9e73-fc48a0c9719e,https://www.dcard.tw/f/3c/p/252919510,Acer Aspire7 開啟螢幕跑色問題,大家好～～我想問一下，我筆電新買大概3個月，這一兩個月發現只要從sleep或是hibernate模式下打開螢幕，螢幕都會有曝光的感覺！？然後又慢慢的恢復到正常的色調（如影片開頭那樣），平常都會曝光大約,,台灣,論壇,DCARD,3C,2023/8/9,10:29:24,國立中山大學,,0,0,0,0,0,0,0,正向,,
512e33e3-7a41-513c-aa21-9bfbfc41a6c4,https://www.dcard.tw/f/3c/p/252917833,#問題 ipad上可以寫程式嗎,趁現在BTS想換ipad，而且最好是能取代我的筆電，就可以只帶ipad在外面跑了，想問下ipad有沒有類似虛擬機的工具，可以能跑類似linux container或虛擬機，或者是macOS那樣的ter,,台灣,論壇,DCARD,3C,2023/8/9,1:24:24,國立中正大學,,0,0,0,0,0,0,0,正向,,
7b7be154-68ef-52bd-a5f3-9f519c3833c5,https://www.dcard.tw/f/3c/p/252916472,#問題 筆電周圍放置水氧機的疑慮,今年換了一個套房住 容易因為乾燥流鼻血 打算添置一台小型水氧機，但因為分租套房空間不大 即便放在床頭也距離電腦不遠，因此想請教各位這樣對是否對筆電有影響,,台灣,論壇,DCARD,3C,2023/8/8,22:43:19,國立成功大學,,0,2,0,0,0,0,0,中立,,
bcbf2c06-5699-59ea-bf77-88c6e94a90ab,https://www.dcard.tw/f/3c/p/252914895,#轉發 大學生不知道怎麼挑筆電請進,原文：補充幾點：●新一代的處理器性能比之前好上不少，現在所謂的 “商務機” 也能應付一些輕度遊戲（如Valorant、CS：GO、LOL），●Surface 做工不是很好，也不能維修，2合1筆電建議選,,台灣,論壇,DCARD,3C,2023/8/8,20:01:34,企鵝板,,0,2,1,0,0,0,0,正向,,
a74db42e-ef0a-53a1-afa3-a319d5b4c819,https://www.dcard.tw/f/3c/p/252914828,有線網路插筆電,請益，想問問自己是租屋房東說有網路孔插線就能夠使用，於是今天去買了轉接頭跟網路線，一開始以為沒有連到是不能用的，因為網路設定那邊都沒有顯示有連結到，結果朋友打電話ms電腦響了，請問這樣是正常的嗎，麻煩,,台灣,論壇,DCARD,3C,2023/8/8,19:53:08,世新大學,,0,1,0,0,0,0,0,中立,,
b43403e6-dfac-5b9f-b0e0-0e72143f2942,https://www.dcard.tw/f/3c/p/252913210,請益 該如果關掉一直狂閃的numberpad,上大學買了ASUS筆電，但我的觸控板那裡跟其他家廠牌不一樣，多了一個九宮格的數字鍵盤，然後悲劇就開始了，不管我有沒有碰到他，他都會不停的閃現出來，然後我打的文案後面會開始出現一堆數字，之前還因此電腦回,,台灣,論壇,DCARD,3C,2023/8/8,16:26:17,我是一隻魚乾,,0,0,0,0,0,0,0,負向,,
321738ca-49d4-5450-86e7-c0dfece8710d,https://www.dcard.tw/f/3c/p/252913156,Windows 電腦,#請益，學長姊們好，我是今年大一的新生，高中有一台Mac筆電，但是常常許多軟體無法使用或是word檔案格式跑掉⋯等問題，因此近期想購入一台window10或是11的電腦，網上查了很多文章，但是對於電腦,,台灣,論壇,DCARD,3C,2023/8/8,16:20:09,匿名,,0,0,0,0,0,0,0,正向,,
7a7b0a92-0e27-5ac5-ae14-5cd8d761878e,https://www.dcard.tw/f/3c/p/252912808,筆電推薦,上次有發文問過了，這幾天去資訊廣場看了看 請店員推薦，選出了這兩台～1 Hp 15s-fq5030TU 白色，2 華碩 ASUS Vivobook 15 X1502ZA-0041S1235U，想請問以,,台灣,論壇,DCARD,3C,2023/8/8,15:38:00,奶酥厚片,,0,1,0,0,0,0,0,中立,,
fca6a71a-5982-5cb5-8a53-eeb320802bed,https://www.dcard.tw/f/3c/p/252912227,還不知道怎麼挑選筆電嗎？！,本來就是筆電重度使用者的我，這次參加了Dcard和Intel® Evo™ 所舉辦的筆電實體活動，主要是想更加了解一些現況筆電的選擇要點，並和大家一起分享。先分享一下這是活動主軸是履歷升級計畫，不僅能從,,台灣,論壇,DCARD,3C,2023/8/8,14:28:42,Chi,,0,0,3,0,0,0,0,正向,,
18ee90cd-22bb-575d-b1de-6da4b31246fb,https://www.dcard.tw/f/3c/p/252912159,詢問 推薦電競螢幕,小弟剛換一台電腦想要買新的螢幕（之前都是筆電，想詢問i5-11400+RTX3060的規格有辦法順跑2K/144Hz的螢幕嗎？另外大大們有推薦的款式嗎，預算4-5千，1080p的螢幕也可以！主要更新率,,台灣,論壇,DCARD,3C,2023/8/8,14:20:30,國立勤益科技大學,,0,2,0,0,0,0,0,正向,,
9b359e12-f3df-595e-ac66-05dcdc3bb0aa,https://www.dcard.tw/f/3c/p/252911967,小資女的輕辦公筆電,小女是剛從大學畢業的職場新鮮人，正式搬出家裡讓我心情很激動，由於租的房子不大桌機又放在家中（其實是太重根本拿不過來...），為了方便工作攜帶我就買了A515-58P-599T這台筆電（預算真的很吃緊.,,台灣,論壇,DCARD,3C,2023/8/8,13:55:57,僑光科技大學,,0,2,4,0,0,0,0,中立,,
f0df0908-6e1e-5a2a-af6d-100b428d5d47,https://www.dcard.tw/f/3c/p/252911915,以下情況如何解決,如影片，打英雄聯盟打到一半突然筆電變成這樣，持續發出嗡嗡聲，目前已強制關機，請問我該重新開機嗎？還是說我該怎麼處理，麻煩大家了，謝謝,,台灣,論壇,DCARD,3C,2023/8/8,13:49:12,哈爾濱佛教大學,,0,2,0,0,0,0,0,中立,,
0f592a12-b23f-5f4e-bded-7dcd74efdec9,https://www.dcard.tw/f/3c/p/252911181,筆電升級NVME SSD之相容性,#問題，請問買了新筆電想升級pcie4.0 nvme的SSD，想要跑到接近SSD廠商的標示速度，有什麼需要注意的嗎，還是插上去就可以了？筆電是LG GRAM 16,,台灣,論壇,DCARD,3C,2023/8/8,12:20:28,國立臺北科技大學,,0,0,0,0,0,0,0,中立,,
4cdf72a8-a17b-5521-8658-f87b22cd9fde,https://www.dcard.tw/f/3c/p/252910538,筆電送光華升級被搞壞了,上個週末為了讓陪伴我六年的筆電運行更順暢，送去光華二樓某店增加一條8GB RAM、改512GB SSD，談妥價格是$2700，工程師也很阿撒力說要順便幫我清潔，隔一天交接時拿到電腦我就發現側邊風扇塑膠,,台灣,論壇,DCARD,3C,2023/8/8,10:52:49,東吳大學,,0,1,0,0,0,0,0,正向,,
7049318a-0f29-5140-b1bf-bb0f206bd416,https://www.dcard.tw/f/3c/p/252909197,#請益 筆電選擇,預算： 40000以內，用途： 文書處理 寫一些程式 數據分析 追劇，重量： 希望能盡量在1.6kg內 不要超過1.8kg，續航： 能有8小時以上，其他： 風扇聲音不要太大 銀幕14吋或15.6吋，品,,台灣,論壇,DCARD,3C,2023/8/8,2:28:39,國立政治大學,,0,1,0,0,0,0,0,中立,,
4a8db81b-f771-5999-a621-bcdc19dd4050,https://www.dcard.tw/f/3c/p/252909006,#請益 筆電選擇（內有選手）,原本在用的微軟掛了，最近在看筆電但對這塊真的不太了解越看越懵‍，爬完文後最後選出兩位選手，但是看不出功能差異，所以想請大家幫忙，麻煩大家了謝謝！🥹或是有其他更適合的也可以！，需求：大量文書、會開多個分頁一,,台灣,論壇,DCARD,3C,2023/8/8,1:51:13,國立政治大學,,0,1,1,0,0,0,0,中立,,
c3cfbafc-8323-556a-8098-d2a43601aa96,https://www.dcard.tw/f/3c/p/252908555,機械鍵盤推薦 靜音紅軸、黃軸,一直都在使用筆電上的鍵盤，最近想買個機械鍵盤，不太喜歡按鍵時有聲音，想問大家靜音紅軸跟黃軸哪個會比較安靜呢？目前在有看到兩款評價好像蠻好的，1. irocks K76MN Custom，靜音紅軸、無手,,台灣,論壇,DCARD,3C,2023/8/8,0:46:22,逢甲大學,,0,3,0,0,0,0,0,正向,,
d24484aa-5df3-508d-8e56-5861fd16c716,https://www.dcard.tw/f/3c/p/252908050,#請益 筆電推薦,筆電最近時好時壞因為之前送回原廠修過硬碟了，最近又開始怪怪的想換筆電，但對筆電規格實在是不太懂，看了很多品牌型號 介紹，想上來板上問問專業的大家推薦，平常以文書處理為主（word、ppt、origin,,台灣,論壇,DCARD,3C,2023/8/7,23:53:21,淡江大學,,0,1,0,0,0,0,0,中立,,
b1a61702-fbce-5c8d-b18f-69ef714e227d,https://www.dcard.tw/f/3c/p/252903984,#請益 筆電,本人電腦用了5年多快掛了，想換新的，有推薦的電腦嗎？還有平板也需要一併購入嗎？（我想趁有bts的時候），校系：設計科，軟體：ai，ps，pr，id，3d建模，規格：至少11代的i5，有獨顯，重量：輕薄,,台灣,論壇,DCARD,3C,2023/8/7,15:58:08,華夏科技大學,,0,0,0,0,0,0,0,中立,,
c120b505-9bd5-51d7-bea7-b2f0946f6c46,https://www.dcard.tw/f/3c/p/252902578,五萬五買得到畫質好的電競筆電嗎？,最近好不容易存到可以買筆電的錢 想把這段時間累積的遊戲都拿來玩一玩，目前最想玩的是放很久的2077，預算如果抓在五萬到五萬五左右 可以開高畫質跟光追嗎，除了遊戲之外還有長時間的影片剪輯需求 希望CPU,,台灣,論壇,DCARD,3C,2023/8/7,12:50:20,元智大學,,0,0,1,0,0,0,0,正向,,
cea47729-0100-521e-b258-bacd39c4cfc2,https://www.dcard.tw/f/3c/p/252870088,有人要收購這台筆電嗎？功能都正常,,,台灣,論壇,DCARD,3C,2023/8/7,5:04:19,1111天使數字,,0,0,0,0,0,0,0,中立,,
52411eff-333f-533b-8d49-0455c1f1a5b3,https://www.dcard.tw/f/3c/p/252856671,#請益 霍格華茲傳承玩起來卡頓,請問板上的各位，我是用外接硬碟下載霍格華茲的，因為筆電本身容量不足，然後電腦配置如下，進入遊戲後讀取很慢我知道是用外接硬碟玩的關係，但本身，筆電的配置應該不至於玩起來那麼卡，轉視角跟走路，都會卡頓，不,,台灣,論壇,DCARD,3C,2023/8/7,2:47:01,MaMa,,0,0,0,0,0,0,0,正向,,
e4390c8e-70f5-521d-bce7-54808be3d140,https://www.dcard.tw/f/3c/p/252850866,好難選擇啊啊啊（內有選手）,小弟最近一個月內會換新筆電，目前用的MSI筆電已經服役6年多快7年了，最近真的是卡到爛，沒有玩遊戲的狀況進行任何操作也是各種卡，目前看上這三台電競筆電，但礙於這方面真的也是略懂而已，所以想問板上各位大,,台灣,論壇,DCARD,3C,2023/8/7,1:47:45,國立臺南大學,,0,0,0,0,0,0,0,中立,,
ae6f18e3-46cf-521a-85a9-df09c4e2733a,https://www.dcard.tw/f/3c/p/252846310,#請益 2萬元以下筆電選購推薦,想請教各位大大，2萬元以下有推薦哪些筆電呢？必要的硬體需求、用途大約如下：CPU：至少有i5 或AMD同等性能處理器，記憶體：8GB可擴充以上，硬碟：512GB SSD以上，用途：80%文書、20%打,,台灣,論壇,DCARD,3C,2023/8/7,1:00:08,國立高雄師範大學,,0,0,0,0,0,0,0,中立,,
538f0ded-7249-5a62-a5a0-205434bb5384,https://www.dcard.tw/f/3c/p/252833650,#問題 想問一下這狀況是發生什麼事情了,如題 小妹去洗澡前的筆電還是可以正常使用的，（筆電型號 MacBook Pro 13吋 M2 2022年），但合起來回來再開機後就變成這樣了，想請教一下版上的大神這是發生什麼事情了，（確認最後一次闔起,,台灣,論壇,DCARD,3C,2023/8/6,22:40:17,義守大學,,0,0,0,0,0,0,0,正向,,
9cc23032-d034-5d17-825b-f4ce45d95a33,https://www.dcard.tw/f/3c/p/252823029,求推薦筆電（長輩用）,大家好～最近想要買一台筆電給媽媽，他主要是用來看影片，偶而需要用到office，請問有沒有推薦的筆電呢，預算 ： 28k以內，希望可以輕薄一點，不一定要typeＣ充電，但有的話更好，雙A就先不要～跟他,,台灣,論壇,DCARD,3C,2023/8/6,20:36:35,國立臺灣科技大學,,0,0,0,0,0,0,0,正向,,
c6d0d27b-e524-5a3b-8443-d3fdd6723125,https://www.dcard.tw/f/3c/p/252812549,想問 到底該選擇哪一台,最近要準備上大學，前幾天去順發看了幾台筆電，這兩台比較符合我的期待，但MSI的是用i5 12450H，ram是用DDR5 4800，而另一台hp的是用12500H而ram是DDR4 3200，其他規格,,台灣,論壇,DCARD,3C,2023/8/6,18:38:26,哲,,0,0,0,0,0,0,0,中立,,
417a3938-964f-5e6d-9076-9d45b9113d07,https://www.dcard.tw/f/3c/p/252807519,萬元文書筆電選擇（內含選手）,#請益，弟弟用將近10年的筆電最近快陣亡了，想趁開學前換新筆電，弟弟平常滿節儉的>< 所以目前都是看一萬元以下的筆電，知道這價位區間的筆電效能一定不會太好，但弟弟平常也就只有文書需求，對筆電的效能也不,,台灣,論壇,DCARD,3C,2023/8/6,17:43:11,平凡女子,,0,0,0,0,0,0,0,正向,,
882c3461-750a-5639-b833-0ba8638f0984,https://www.dcard.tw/f/3c/p/252800298,#請益 筆電購買通路,小弟我最近想要入手一台新的筆電，想請問大家對於欣亞跟奇展這兩個通路有什麼看法，或是推薦哪一個嗎？目前看中Acer Predator Helios Neo PHN16-71-79C7 黑［i7-1370,,台灣,論壇,DCARD,3C,2023/8/6,16:23:24,淡江大學,,0,0,0,0,0,0,0,中立,,
18519dff-ee54-5cea-b3c4-359b278f9a5b,https://www.dcard.tw/f/3c/p/252794940,#請益 筆電選擇，有比對選手,前言，我有一台用快10年的HP筆電，最近真的覺得ㄍㄧㄥ不住了，想換一下才能好好準備研究所的資料，但實在不懂，因此需要大家推薦，原則上希望可以使用很久，【預算】3萬到4萬之間，【規格要求】CPU：i5以,,台灣,論壇,DCARD,3C,2023/8/6,15:24:26,國立中央大學,,0,0,1,0,0,0,0,正向,,
47c9f2d5-9f6e-5128-b934-3f9795fe11f1,https://www.dcard.tw/f/3c/p/252792407,#請問 c槽資料轉移d槽,最近筆電剛裝了一個d槽（ssd），但我對電腦的東西不是很了解。問題1：想問問以下這種將c槽user轉到d槽是可行的嗎？因為我看到一篇dcard文章的做法跟這好像一樣，但是之後仔的東西還是出現在c槽，轉,,台灣,論壇,DCARD,3C,2023/8/6,14:56:32,哈密瓜,,0,0,0,0,0,0,0,中立,,
52dadeb9-f6b0-5d5e-ba25-ad38f745dd7e,https://www.dcard.tw/f/3c/p/252758364,#請益 筆電選擇🙏🏻,對電腦完全一竅不通，看到頭昏眼花的，請各位可以給我一些推薦，用途：玩遊戲、看劇，（巫師、霍格華茲、GTA5），預算：30000-40000，目前是有看到兩款，⬇️面這兩個是差在那,,台灣,論壇,DCARD,3C,2023/8/6,3:22:56,白白,,0,0,0,0,0,0,0,中立,,
539f41dd-44ff-5a9c-88f5-09d8f152c956,https://www.dcard.tw/f/3c/p/252756401,#請益 租屋Wifi分享器,最近想在租屋處買寵物攝影機來看貓咪，但租屋的地方是直接網路線插筆電用的那種（不用密碼，直接就能用的那種）3C白痴Google 了還是看不懂，想請問大家如果在租屋的小套房要用Wifi分享器的話下面兩個哪,,台灣,論壇,DCARD,3C,2023/8/5,22:47:53,格雷伯爵好喝,,0,0,0,0,0,0,0,中立,,
c64f7f31-be9a-5be1-ab79-c5b89ae0b69f,https://www.dcard.tw/f/3c/p/252755134,#問題 筆電 win10 自動開啟飛航,請問各位大大，我的筆電不知道為什麼今天開啟之後就一直開啟飛航 又自己關掉，一直這樣重複 讓小妹我好苦惱，網路上的方法我又看不懂有沒有大神可以救救我,,台灣,論壇,DCARD,3C,2023/8/5,20:20:21,(  ･᷄֊･᷅ ),,0,0,0,0,0,0,0,中立,,
b070721d-49cf-5ba3-89b1-6df9294c33ed,https://www.dcard.tw/f/3c/p/252754568,2萬初筆電選擇,今年剛上大學，想詢問文書機推薦，不打遊戲，看看動漫，希望方便攜帶！,,台灣,論壇,DCARD,3C,2023/8/5,18:57:53,淡江大學,,0,0,0,0,0,0,0,中立,,
5e06da3d-9933-5dca-9264-fa8afe87e767,https://www.dcard.tw/f/3c/p/252753901,電競筆電比較,預算：3萬上下，用途：文書處理、追劇、打程式、玩麥塊或是一些小遊戲，選了一些筆電，看了很久，不知道選哪台，有點選擇障礙，想請各位大佬幫忙‍️‍️感恩～～1.，2.，3.，#問題#請益,,台灣,論壇,DCARD,3C,2023/8/5,17:28:48,：）,,0,0,0,0,0,0,0,中立,,
60bd2379-1cb0-50af-ba60-d82e07e14ef2,https://www.dcard.tw/f/3c/p/252751949,電腦亮度,請問筆電有調整亮度的地方，但調了沒反應，是出了什麼問題呢？,,台灣,論壇,DCARD,3C,2023/8/5,12:47:39,haryr,,0,0,0,0,0,0,0,負向,,
09aec0d7-ad91-5c18-b7d0-ddc331e83918,https://www.dcard.tw/f/3c/p/252751779,筆電散熱墊有用嗎？,#請益，有想要將筆電架高的需求，想到有些筆電散熱墊也可以達到架高筆電的問題，而且看起來比較蝦趴，有個小疑惑是，會不會那只是商人想額外賺錢的手法，讓消費者上繳智商稅，所以筆電架VS散熱墊該買那一個呢？,,台灣,論壇,DCARD,3C,2023/8/5,12:26:06,國立臺中科技大學,,0,0,0,0,0,0,0,中立,,
badaec0f-4e9f-5f00-b1d5-0404bd3c9927,https://www.dcard.tw/f/3c/p/252750244,請益筆電效能,#請益，想請教各路大神，這台筆電的供電是否能完全釋放他的CPU及VGA呢？15.6寸的散熱是否可以支撐其滿載運行呢？【ASUS】後背包/滑鼠組 15.6吋i9 RTX4060電競筆電（i9-13900,,台灣,論壇,DCARD,3C,2023/8/5,4:45:34,國立臺南大學,,0,0,0,0,0,0,0,正向,,
204aac12-7761-5713-a9e4-e6cf69e75148,https://www.dcard.tw/f/3c/p/252749774,#請益 高預算 輕薄電競筆電 求推薦（內有選手,預算9萬以內！，筆電要求是：1. 性能好，要跑vivado，還有一些machine learning 的東西，2. 輕，希望低於2.1 kg，因為每天都要帶來帶去的，3. 螢幕14吋以上，不會拿來玩遊,,台灣,論壇,DCARD,3C,2023/8/5,2:16:10,國立中興大學,,0,0,1,0,0,0,0,中立,,
61cef1c1-043b-5a04-abb9-eaedc0e00507,https://www.dcard.tw/f/3c/p/252747295,Acer nitro5 相關問題,近日買了這台筆電，想請問各位這台記憶體能裝DDR4的嗎？還是只能裝DDR5的？有相容的問題嗎？另外想加裝1TB的硬碟，爬文大家都推薦美光的？那這款可以嗎？還是有更推的？,,台灣,論壇,DCARD,3C,2023/8/4,21:19:17,卡稱為什麼那麼難想,,0,0,0,0,0,0,0,正向,,
b38aab7d-3790-557b-98a3-6147d42e6b6e,https://www.dcard.tw/f/3c/p/252745335,#開箱 挽救我感情與D4進度的一台筆電，Stealth 14 Studio分享,請留步，聽我說個故事，原先女友那台Toshiba筆電已經送修好幾次，搞不懂為什麼他就是不肯換= =，所以呢，我就趁她生日送了她一台，不過呢，由於一次拿出50K出來還是有點傷，故事的結局就是…拿出魔法小,,台灣,論壇,DCARD,3C,2023/8/4,17:30:10,國立屏東科技大學,,0,0,0,0,0,0,0,負向,,
b3d7c10c-aa4e-513b-b5f5-dbc87cf90558,https://www.dcard.tw/f/3c/p/252744785,#請益 筆電選擇(兩家選手),想選一台筆電帶去學校做報告跟專題，預算大概25K之內，聽朋友說選雙A基本上不會到太差，不過真的不太懂筆電規格，想請問各位我選這兩台哪台更好，感謝~,,台灣,論壇,DCARD,3C,2023/8/4,16:27:21,世新大學,,0,0,0,0,0,0,0,負向,,
a138a940-5791-56db-a9b8-1b3b7efe3b8e,https://www.dcard.tw/f/3c/p/252744681,#請益 文書筆電推薦購買管道,本人今年剛畢業，正在實習中，舊電腦也用了五年了，準備要換新筆電，目前需求為：預算：25000以內，用途：文書處理、簡報、看劇看影片、無打遊戲需求，攜帶需求：有，盡量輕薄好帶，目前爬文有看到喜歡的是ac,,台灣,論壇,DCARD,3C,2023/8/4,16:14:32,國立政治大學,,0,0,0,0,0,0,0,正向,,
68f27d74-a280-5ebd-b26b-c978697efe03,https://www.dcard.tw/f/3c/p/252743778,#請益 文書筆電選擇,有爬過文然後自己研究 但還是怕有沒注意到的 想請各位大神幫我看看哪一台比較好 或是還有其他推薦的，用途：文書 看影片 登line，螢幕：15.6，預算：2.5萬以下 最多3萬，品牌：主要想找ACER或,,台灣,論壇,DCARD,3C,2023/8/4,14:26:10,루,,0,0,0,0,0,0,0,正向,,
0788a529-d8ad-52a1-8825-dab6c46c80e8,https://www.dcard.tw/f/3c/p/252743229,筆電選擇,大一新生想選筆電，遊戲大概是特戰跟2k23，然後大學科系會需要編輯影片，考慮以上兩點，上次問完後是TUF GAMING F15 FX507ZU4，這台，最近發現這台微星的，螢幕比較好但連接埠給的比較普,,台灣,論壇,DCARD,3C,2023/8/4,13:20:07,煞氣的炸彈,,0,0,0,0,0,0,0,正向,,
c4e94487-eeb5-5651-89fd-2e9eb30075cf,https://www.dcard.tw/f/3c/p/252743194,父親節買筆電會比較便宜嗎?,RT，因為桌機老舊跑不太動3A大作，加上近期有通勤的需求，想說買台電競筆電會比較方便，有爬文通常開學會有一波開學換機優惠，但印象中逢年過節電商都會有促銷，最近的節日就是父親節了，想看看能不能跟波特價將,,台灣,論壇,DCARD,3C,2023/8/4,13:15:04,銘傳大學,,0,0,0,0,0,0,0,正向,,
9343fbd4-d130-51e8-8a6a-bcd33e0a507d,https://www.dcard.tw/f/3c/p/252743103,求企管系筆電推薦,想買一台筆電，但不知道怎麼選，預算2萬左右，14-15吋，輕薄款，續航力好，用途：上網、文書、追劇，視訊會議，品牌：Acer或ASUS，希望學長姐能推薦一台好用的筆電，謝謝,,台灣,論壇,DCARD,3C,2023/8/4,13:04:01,(*^ω^*),,0,0,0,0,0,0,0,中立,,
9e472d1b-7cce-51f7-85fc-615e14fc4b41,https://www.dcard.tw/f/3c/p/252743089,求助小米路由器問題,有時候進網頁的都會顯示這個說找不到網路，但都是有網路的！只有我的筆電會這樣家人的都不會🥲求救！,,台灣,論壇,DCARD,3C,2023/8/4,13:01:19,Purple💜,,0,0,0,0,0,0,0,負向,,
d71663dd-8599-5992-b79b-7c54de23549d,https://www.dcard.tw/f/3c/p/252742951,#請益 筆電推薦（內有選手）🙏,因為換新工作所以想買筆電上班使用，因為不太懂配備，懇請大家推薦或分析選手🥲謝謝，預算：兩到三萬元內，需求：1.想玩LOL、特戰英豪、掛手遊的模擬器（例如HIT2），2.會看網飛追劇、會同時開很多分頁（,,台灣,論壇,DCARD,3C,2023/8/4,12:43:19,淡江大學,,0,0,0,0,0,0,0,正向,,
5365c31a-f4ec-5c0f-9ac1-bf5ae4a9d18e,https://www.dcard.tw/f/3c/p/252742887,#問題 筆電更換 asus換mac?,之前買了一台Asus vivobook 14 S403fa，規格如下：處理器：Intel i7-10510U記憶體：8GB LPDDR3硬 碟：512G M.2 SSD作業系統：Windows 10，,,台灣,論壇,DCARD,3C,2023/8/4,12:36:23,實踐大學,,0,0,0,0,0,0,0,中立,,
8777afec-e59d-5ade-b5cc-584d87261ddb,https://www.dcard.tw/f/3c/p/252742664,#請益 電競筆電選擇 內有選手,第一次購買電競筆電，已爬文研究很久，想請問版上各路大神意見！，用途多為打遊戲、做報告，（遊戲：PUBG、APEX、特戰英豪  偶爾3A大作），需求：1.預算約為4萬3以內，2.15.6吋以下皆可 （,,台灣,論壇,DCARD,3C,2023/8/4,12:12:04,匿名,,0,0,0,0,0,0,0,中立,,
05548266-0f27-5f0a-ba37-79d16fb476a4,https://www.dcard.tw/f/3c/p/252741330,電競筆電選擇,最近想換筆電，主要拿來玩特戰英豪、LOL、寫論文、報告，想請問板上的各位大大，預算大概三萬五以內，1. HP victus 16，er nitro5 （AN 515-58系列，想問各位會推薦哪個？或是,,台灣,論壇,DCARD,3C,2023/8/4,7:02:03,匿名,,0,0,0,0,0,0,0,中立,,
6d9d9bf0-ccda-56ca-a1ce-d82578a1d392,https://www.dcard.tw/f/3c/p/252740695,3～4萬電競筆電,小弟目前剛上大學，想把之前那台文書機換掉，想請問各位大大對於以下這台評價如何，主要目的是打3a遊戲跟寫code，希望能用4-6年，或是有其他更加推薦的謝謝,,台灣,論壇,DCARD,3C,2023/8/4,2:17:50,中原大學,,0,0,0,0,0,0,0,正向,,
9a91a6aa-493d-55bc-aa61-db161460a0f6,https://www.dcard.tw/f/3c/p/252740691,3到4萬筆電,小弟目前剛上大學，想把之前那台文書機換掉，想請問各位大大對於以下這台評價如何，主要目的是打3a遊戲跟寫code，希望能用4-6年，或是有其他更加推薦的謝謝,,台灣,論壇,DCARD,3C,2023/8/4,2:16:27,中原大學,,0,0,0,0,0,0,0,正向,,
5e4b968b-50e5-5096-9c62-33250c89f83e,https://www.dcard.tw/f/3c/p/252740246,#請益 二手筆電價格,2018入學購入的，現在工作快一年，發現在家很少用筆電，但身邊也沒有人需要，想說放在賣場加減賣賣看～爬了文之後，大概知道應該不會賣到多好的價格，但還是決定問看看這規格大概能賣多少><先謝謝大家！，規格,,台灣,論壇,DCARD,3C,2023/8/4,1:03:18,國立中正大學,,0,0,0,0,0,0,0,中立,,
dd6c91a3-c029-52ce-9412-3bf476846a21,https://www.dcard.tw/f/3c/p/252739890,想詢問電競筆電的支架,嗨晚上好大家，想詢問一下各位是電競筆電的帥哥美女們，有沒有推薦的電腦支架產品 ️，我的是1.8kg重 而且在網上好像比較少看到有人電競筆電用支架🥹，希望你們能推薦給我～～謝謝，（如果能攜帶方便更好 無也,,台灣,論壇,DCARD,3C,2023/8/4,0:16:57,小梅,,0,0,0,0,0,0,0,正向,,
19c1ec72-8cbe-5ec6-b175-940fdda9aaa3,https://www.dcard.tw/f/3c/p/252739694,筆電淋雨,小弟今天下班後騎車回家，途中下大雨筆電包又放錯面，雨從揹帶吸了一堆雨水進去，到家打開後發現筆電表面濕了，而筆電左側（面向地板）也濕，把usb拔下來摸usb接頭也微微濕濕的，請問各位有沒有什麼處理方式，,,台灣,論壇,DCARD,3C,2023/8/3,23:57:55,東海大學,,0,0,0,0,0,0,0,中立,,
7d5b8568-a448-5922-8b47-5e3c4e422f57,https://www.dcard.tw/f/3c/p/252739628,想問 ACER Nitro 5,#請益，今天去黃色鬼屋訂了這台筆電，店員說這台可以將記憶體擴充成8G以上，想問如果要擴充大家推薦那種記憶體，硬碟部分也想擴~,,台灣,論壇,DCARD,3C,2023/8/3,23:51:09,國立臺中科技大學,,0,0,0,0,0,0,0,正向,,
7bb2ab04-cad0-52e8-a1b3-163d19dbd4f4,https://www.dcard.tw/f/3c/p/252739512,#請益 電競筆電該怎麼挑選QQ,想買一台電競筆電，但實在是不太懂cpu顯卡等等 研究好久太多比較了看的好亂，平常玩的遊戲：apex、dead by daylight 還有一些槍戰類的 前兩個最主要 希望能順暢畫面好，目前看到一位網友,,台灣,論壇,DCARD,3C,2023/8/3,23:40:04,樹德科技大學,,0,0,0,0,0,0,0,負向,,
e7e75192-ec03-544f-b33e-1c9abe05984d,https://www.dcard.tw/f/3c/p/252737184,機身登錄保固時間和發票不同,今年1月初在三井3c買了一台HP筆電，最近螢幕壞了送原廠維修中心維修，服務員卻跟我說他登錄機身的序號查是5月就過保了，我還請原購買的門市補開了發票才申請修改保固的申請單，請問怎麼會這樣子，難道是原店賣,,台灣,論壇,DCARD,3C,2023/8/3,19:49:33,東吳大學,,0,0,0,0,0,0,0,中立,,
b9ed7031-ab4c-56be-96f6-fcc4818f9297,https://www.dcard.tw/f/3c/p/252734494,#請益 新生筆電挑選（內有選手）,各位好，最近剛升上大學需要買台筆電，自己有爬一些文挑出了一些選擇，想請各位給些建議，有其他推薦也很歡迎！，預算：30K上下，用途：文書、網頁、看影片、遊戲（霍格華茲、2K23、文明6…），選手1，GI,,台灣,論壇,DCARD,3C,2023/8/3,14:23:26,慈濟大學,,0,0,0,0,0,0,0,正向,,
5c0e4e96-8d58-5b72-85b3-fbeb503d3778,https://www.dcard.tw/f/3c/p/252733768,#請益 商科研究所筆電推薦,大家好～因為接下來會就讀商管相關的研究所，舊電腦是約2萬初的15.6吋筆電，已使用4年，近期覺得過於厚重且卡頓，想換一台新的。主要需求：1. 主要用途只是讀paper、跑統計軟體、寫簡單的code而已,,台灣,論壇,DCARD,3C,2023/8/3,12:50:43,國立政治大學,,0,0,0,0,0,0,0,正向,,
dc1aec5a-26d7-525f-8438-1fe8ac188e77,https://www.dcard.tw/f/3c/p/252733727,google nest mini 2,最近買了兩台nest mini 2，想說可以拿來當左右聲道使用，想問各位，筆電也能連接兩台然後當左右聲道嗎？,,台灣,論壇,DCARD,3C,2023/8/3,12:45:56,蛤,,0,0,0,0,0,0,0,中立,,
3aff8605-f112-58bb-8b03-01d197c2c176,https://www.dcard.tw/f/3c/p/252731818,#請益 LG ASUS比較&Unison的使用心得,請問有沒有人買過LG gram後悔的，故障率高嗎，家長認為現在市場還是華碩佔多數，LG筆電市占率不高不安心，不過我爬文下來感覺LG gram規格非常適合我 有沒有人可以幫滅火，用途：看影片、打報告、做,,台灣,論壇,DCARD,3C,2023/8/3,3:46:48,輔英科技大學,,0,1,0,0,0,0,0,正向,,
6012c261-8e91-571a-9fa2-ea52d604b071,https://www.dcard.tw/f/3c/p/252730738,#問題 筆電右側進水,各位大大好。今天凌晨的時候，不小心將水壺打翻，主要是倒在桌子上，有些水有流到右側的USB孔。倒出的容量不到100 CC，再發生的當下就有將電腦立刻關機，並將右側表面浸水部分擦乾，之後側放並用電風扇吹半,,台灣,論壇,DCARD,3C,2023/8/3,0:26:51,逢甲大學,,0,0,0,0,0,0,0,正向,,
c1e69440-1168-5c33-b0d7-8b78d4aa7cd1,https://www.dcard.tw/f/3c/p/252730331,#請益 換購新筆電+推薦,本人在2021買了華為的matebook d15，本來沒有什麼太大用途，但最近迷上了電腦遊戲，不過這台設置沒有很高，跑得不是很好，所以打算換一台。想問各位大大有沒有地方可以現場評估價格換購的，我有在一,,台灣,論壇,DCARD,3C,2023/8/2,23:47:39,Cz,,0,0,0,0,0,0,0,中立,,
aa10cbc6-a2e0-56b0-b52e-6d8122efbddf,https://www.dcard.tw/f/3c/p/252730232,開機卡在LOGO畫面,我的ACER 筆電型號 Aspire VN7-591G陪伴了我5年多的時間，今天開機就一直卡在LOGO頁面，按下alt+ctrl+del沒用，也沒辦法進bios，請問有解決方法嗎？,,台灣,論壇,DCARD,3C,2023/8/2,23:38:16,國立臺中科技大學,,0,0,0,0,0,0,0,中立,,
6d35cc19-165a-5995-a650-608aa6734c18,https://www.dcard.tw/f/3c/p/252728898,拜託救我 筆電Wi-Fi不見,我買了這台電競筆電（Asus）之後，之前玩半年發生wifi圖示不見，送去檢修到第三次都好不了，才幫我換了網卡，之後就好了。陸陸續續又用了半年多，現在又發生一樣的事，請問可以怎麼解決，真的拜託各位線上工,,台灣,論壇,DCARD,3C,2023/8/2,21:22:40,中國文化大學,,0,0,0,0,0,0,0,中立,,
9c8814f6-9e4f-56d0-9e5b-6888dc19e463,https://www.dcard.tw/f/3c/p/252728613,電子工程系 筆電推薦！,#請益#內有選手，我是即將升上大一的新生，我想請問資工系的學長們，未來需要怎樣的規格才夠用（高中老師是建議16gb可擴充512gb可擴充還要有獨顯），我想請教最適用的規格（不想之後不夠用時又要擴充，會,,台灣,論壇,DCARD,3C,2023/8/2,20:53:32,JF 咕嚕,,0,0,1,0,0,0,0,中立,,
83753446-e84f-5d60-8857-9bcb445eb233,https://www.dcard.tw/f/3c/p/252728244,手提電腦互對比個好,大家好～想問一問呢三部手提邊部好？因為本人係電腦小白，對筆電的性能唔係好了解，所以想問一問大家意見。ps：三部都係asus,,台灣,論壇,DCARD,3C,2023/8/2,20:19:00,winnie,,0,0,0,0,0,0,0,中立,,
5bf28d41-712f-5828-8efe-24bbf8c5b132,https://www.dcard.tw/f/3c/p/252727588,手提電腦互對比個好,大家好～想問一問呢兩部手提邊部好？因為本人係電腦小白，對筆電的性能唔係好了解，所以想問一問大家意見。ps：兩部都係asus,,台灣,論壇,DCARD,3C,2023/8/2,19:02:50,winnie,,0,0,0,0,0,0,0,中立,,
d7b32309-bd23-5b1d-bfd2-ee8c6e05d5f4,https://www.dcard.tw/f/3c/p/252727403,新生筆電推薦！,#請益#筆電#內有選手，以下是條件~，校系 ： 護理系，預算 ：3萬上下，課內 ：文書處理 、 線上課程，課外 ：剪輯影片、如果可以的話想玩特戰，品牌限制 ： 盡量不要中國品牌，尺寸：不限但希望好攜帶,,台灣,論壇,DCARD,3C,2023/8/2,18:39:27,六寸玉璧上的小白花🌸,,0,0,0,0,0,0,0,正向,,
36994fcd-25e9-58a5-b2e0-aee05c38879d,https://www.dcard.tw/f/3c/p/252712661,高手請入)筆電無法進入Bios重灌,請問ASUS K555L，重灌按F11或DEL都無法進入BIOS，請問是該按別的鍵嗎？謝謝,,台灣,論壇,DCARD,3C,2023/8/2,14:07:49,蘭陽技術學院,,0,0,0,0,0,0,0,中立,,
d9bac0fe-89c7-5982-af19-e89b447daccf,https://www.dcard.tw/f/3c/p/252706996,趁暑假想玩這些遊戲 求推薦筆電,各位好，今年剛好有預算可以換新筆電 想說趁暑假這時候買台來玩些之前因為電腦太爛跑不動的遊戲，先上一下現在想玩還沒買的遊戲，如果有什麼推薦的遊戲也麻煩推推 這邊比較喜歡射擊類的或RPG，想問問想跑動這些,,台灣,論壇,DCARD,3C,2023/8/2,13:22:52,真理大學,,0,0,0,0,0,0,0,負向,,
761784a3-ab6c-525f-bb7c-c4f5448f483e,https://www.dcard.tw/f/3c/p/252699115,筆電放車上會爆炸嗎？,下周要出門需要帶筆電想詢問如果放到筆電專用包裡在放在車上會不會有爆炸的風險,,台灣,論壇,DCARD,3C,2023/8/2,12:15:34,淡江大學,,0,1,0,0,0,0,0,負向,,
724f5a32-e7bf-5e75-bd55-5c2ad8ddcf1c,https://www.dcard.tw/f/3c/p/252696617,#問題 Microsoft帳戶登入,公司筆電的Microsoft的帳戶好像一個月會需要用Authenticator驗證一次，登入的時候會叫我在我Authenticator的帳戶上輸入一個數字，但我這個月手機重製，要登入Authentic,,台灣,論壇,DCARD,3C,2023/8/2,8:13:13,南臺科技大學,,0,0,0,0,0,0,0,中立,,
14c04a31-b645-501f-94d2-5fa44f70b0e0,https://www.dcard.tw/f/3c/p/252694268,#問題 電腦(win11)接手機網路一下載就斷線,如題，小弟最近換了電腦（沒有無線網卡），原本都是用筆電接手機網路沒什麼問題。但換成桌電之後平常都很正常但只要一下載流量一大就會直接斷線，都是用iphone接type-c的孔連網的，灌steam遊戲的時,,台灣,論壇,DCARD,3C,2023/8/1,23:01:53,國立雲林科技大學,,0,0,0,0,0,0,0,正向,,
e01c1992-4e32-53cd-848e-9a54b28a1a6f,https://www.dcard.tw/f/3c/p/252693974,求三萬初續航力高的筆電 Ex：LG gram 跟swift 5,常常跑來跑去，最看重續航力，可是LG gram 有點大不好裝，基本配備：記憶體：16GB，硬碟：512GB +512GB，swift 5實際續航如何？,,台灣,論壇,DCARD,3C,2023/8/1,22:35:16,逢甲大學,,0,0,0,0,0,0,0,中立,,
4b9701b8-02ff-58cf-a264-692f24d8e6df,https://www.dcard.tw/f/3c/p/252693969,Hp筆電可以開機但黑屏,筆電最近常常用到一半當機，今天直接可以開機（有風扇聲、有亮燈 開機聲），但螢幕黑屏不顯示了，才買不到一年，請問可能是什麼地方壞掉呢？怕被凹人為要付費先有一個心理準備,,台灣,論壇,DCARD,3C,2023/8/1,22:34:40,東吳大學,,0,0,0,0,0,0,0,負向,,